file_name,period_id,year,month,period_type,period_order,period_start,period_end,percent_inundation,percent_inundation_ssd,percent_inundation_ceq,percent_inundation_eeq,percent_inundation_jon,percent_inundation_lak,percent_inundation_nbg,percent_inundation_uni,percent_inundation_upn,percent_inundation_war,percent_inundation_wbg,percent_inundation_weq,percent_inundation_aby
2012-02-01.tif,2012-02-mid,2012,2,Mid,0,2012-02-01,2012-02-15,0.005146917681801351,0.0107519766455535,0.00026214411087555,0.0019408465207023,0.0289583130259609,0.0080263217815018,0.0067753056468860505,0.0279754503849104,0.013407282526788999,0.0175404886082898,0.00014940185177165,0.0001438345027703,0.0003022974607013
2012-02-16.tif,2012-02-shm,2012,2,Shm,1,2012-02-16,2012-02-29,0.0041447028423772,0.008665044486134,0.0001367708404568,0.0007180793409928,0.0232722487571888,0.0053053417733047,0.006288505123376,0.0260575117060395,0.0105240302949027,0.0147405984079055,0.000141965560507,0.0001375808287368,0.0
2012-03-01.tif,2012-03-mid,2012,3,Mid,0,2012-03-01,2012-03-15,0.0030660760428202,0.0064283547250651,0.0001367708404568,0.0001354866681118,0.0146862917113428,0.0044628626075868,0.0053149040763558,0.024576069416153,0.0050065775189343,0.0140269009058468,0.0001270929779777,3.752204420096807e-05,0.0
2012-03-16.tif,2012-03-shm,2012,3,Shm,1,2012-03-16,2012-03-31,0.0023839055001845,0.0049981115837311,0.0001367708404568,0.0001354866681118,0.0116320629041167,0.0035293046131426,0.0043413030293357,0.0219306367556413,0.0021456760795432,0.0124348064781773,0.0001122203954484,3.752204420096807e-05,0.0
2012-04-01.tif,2012-04-mid,2012,4,Mid,0,2012-04-01,2012-04-15,0.0014005167958656,0.00293633250986,0.0001367708404568,0.0002845220030349,0.007229424570296,0.0025957466186984,0.0029048424681584,0.0110579085209386,0.0017625196367676,0.0051056821301125,9.73478129191364e-05,3.752204420096807e-05,0.0
2012-04-16.tif,2012-04-shm,2012,4,Shm,1,2012-04-16,2012-04-30,0.0013554817275747,0.0028419116964169,0.0001367708404568,0.0018019726858877,0.0066364492965526,0.0019581948176146,0.0001276853832157,0.0059786778127562,0.0007535410041253,0.0019489431786988,9.73478129191364e-05,3.752204420096807e-05,0.0
2012-05-01.tif,2012-05-mid,2012,5,Mid,0,2012-05-01,2012-05-15,0.0013554817275747,0.0028419116964169,0.0001367708404568,0.0058530240624322,0.0066364492965526,0.0019581948176146,6.384269160787819e-05,0.0035184254384804,0.0007024534784219,0.0013724951962668,9.73478129191364e-05,3.752204420096807e-05,0.0
2012-05-16.tif,2012-05-shm,2012,5,Shm,1,2012-05-16,2012-05-31,0.0021469176818014,0.0045012414015144,0.0001367708404568,0.0058530240624322,0.0136628001429639,0.0050093355799444,6.384269160787819e-05,0.0035184254384804,0.0007024534784219,0.000905846829536,0.0001081642365768,3.752204420096807e-05,0.0
2012-06-01.tif,2012-06-mid,2012,6,Mid,0,2012-06-01,2012-06-15,0.0026511627906976,0.0055429661137631,0.0001367708404568,0.0005419466724474,0.022817363615687,0.0050093355799444,6.384269160787819e-05,0.0071162138567762,0.0010089786326423,0.000905846829536,0.0002055120494959,3.752204420096807e-05,0.0
2012-06-16.tif,2012-06-shm,2012,6,Shm,1,2012-06-16,2012-06-30,0.0029531192321889,0.0061915287503637,0.0001367708404568,0.0005419466724474,0.023069175033304,0.0050093355799444,0.0013087751779615,0.0134917065686092,0.0026182356922998,0.000905846829536,0.0004110240989919,3.752204420096807e-05,0.0017672774625616
2012-07-01.tif,2012-07-mid,2012,7,Mid,0,2012-07-01,2012-07-15,0.0058803986710963,0.0123288816241618,0.0001367708404568,0.002994255365272,0.0436039899925268,0.0084475613643608,0.0022025728604717,0.0294436655114944,0.0047511398904172,0.0026077408729069,0.0004110240989919,3.752204420096807e-05,0.0020463212724397
2012-07-16.tif,2012-07-shm,2012,7,Shm,1,2012-07-16,2012-07-31,0.0078796603912882,0.0164988762375318,0.0001367708404568,0.0066252980706698,0.0565682165253273,0.0112937747620565,0.0023302582436875,0.0361366101425888,0.0106262053463095,0.0045292341476804,0.0007895989270107,3.752204420096807e-05,0.0020463212724397
2012-08-01.tif,2012-08-mid,2012,8,Mid,0,2012-08-01,2012-08-15,0.0121225544481358,0.0253326398821132,0.0001367708404568,0.008535660091047,0.0862982097020502,0.0219727674302108,0.0070546174226705,0.0547869103991957,0.0125930750858909,0.0168816909140818,0.0010924587894258,3.752204420096807e-05,0.0020463212724397
2012-08-16.tif,2012-08-shm,2012,8,Shm,1,2012-08-16,2012-08-31,0.0166799557032115,0.0344419265560859,0.0001367708404568,0.0086305007587253,0.0984420183903564,0.0327883783414545,0.0259839754844064,0.0868230999179915,0.0125930750858909,0.0540488608289871,0.0013628693808679,3.752204420096807e-05,0.0120918984280532
2012-09-01.tif,2012-09-mid,2012,9,Mid,0,2012-09-01,2012-09-15,0.0166799557032115,0.0344419265560859,0.0001367708404568,0.0136570561456752,0.0984420183903564,0.0436039892526982,0.027739649503623,0.0868230999179915,0.013883035109902,0.0540488608289871,0.0023471639337169,3.752204420096807e-05,0.0120918984280532
2012-09-16.tif,2012-09-shm,2012,9,Shm,1,2012-09-16,2012-09-30,0.0165832410483573,0.0344419265560859,0.0001367708404568,0.0136570561456752,0.0858839393053254,0.0436039892526982,0.0375714240112363,0.0868230999179915,0.0163480082250916,0.0546527587153444,0.0031043135897546,3.752204420096807e-05,0.0120918984280532
2012-10-01.tif,2012-10-mid,2012,10,Mid,0,2012-10-01,2012-10-15,0.0156249538575119,0.0324606373559695,0.0001367708404568,0.0069369174073271,0.0598823796991259,0.0436039892526982,0.0375714240112363,0.0842570302372953,0.0352248489725021,0.0736480922316771,0.0032881927919352,3.752204420096807e-05,0.0108827085852478
2012-10-16.tif,2012-10-shm,2012,10,Shm,1,2012-10-16,2012-10-31,0.0107272056109265,0.0224226213694423,0.0001367708404568,0.0057717320615651,0.0323212138934918,0.0208798214854956,0.0227918409040125,0.0508187614084283,0.0364381777079581,0.0736480922316771,0.0043590187340457,3.752204420096807e-05,0.0089294019161008
2012-11-01.tif,2012-11-mid,2012,11,Mid,0,2012-11-01,2012-11-15,0.0107272056109265,0.0224226213694423,0.0001367708404568,0.0057717320615651,0.0250511745784189,0.0208798214854956,0.0227918409040125,0.0508187614084283,0.0405507235270827,0.0616799341202305,0.0132501189806602,3.752204420096807e-05,0.0063249930239047
2012-11-16.tif,2012-11-shm,2012,11,Shm,1,2012-11-16,2012-11-30,0.0107272056109265,0.0219567088309774,0.0001367708404568,0.0034413613700411,0.0217288884556649,0.0251453466308423,0.0179078749960098,0.0387291341498902,0.0679719529483888,0.0574251990118034,0.0132501189806602,3.752204420096807e-05,0.0025113942889033
2012-12-01.tif,2012-12-mid,2012,12,Mid,0,2012-12-01,2012-12-15,0.0103226282761166,0.0211347833893666,0.0001367708404568,0.0034413613700411,0.0217288884556649,0.0251453466308423,0.0095125610495738,0.0384447501388852,0.0679719529483888,0.053719461981883,0.0049539220352182,3.752204420096807e-05,0.0025113942889033
2012-12-16.tif,2012-12-shm,2012,12,Shm,1,2012-12-16,2012-12-31,0.0098626799557032,0.0203128579477558,0.0001367708404568,0.0027910253631042,0.0207687558891379,0.0228076566935349,0.0042455389919239,0.0381603661278802,0.04912065596383,0.0459785890749382,0.0037532990092155,3.752204420096807e-05,0.0020153164046755
2013-01-01.tif,2013-01-mid,2013,1,Mid,0,2013-01-01,2013-01-15,0.0094027316352897,0.019490932506145,0.0001367708404568,0.0021406893561673,0.019808623322611,0.0204699667562275,0.0029048424681584,0.0378759821168752,0.030460937200659,0.0291243480647817,0.0029312508112317,3.752204420096807e-05,0.0015192385204477
2013-01-16.tif,2013-01-shm,2013,1,Shm,1,2013-01-16,2013-01-31,0.0089427833148763,0.0186690070645343,0.0001367708404568,0.0014903533492304,0.018848490756084,0.014413224645931,0.0029048424681584,0.0375915981058702,0.028289717358264,0.0206423277518528,0.000508371911911,3.752204420096807e-05,0.0010231606362198
2013-02-01.tif,2013-02-mid,2013,2,Mid,0,2013-02-01,2013-02-15,0.0052388335179032,0.0109713889456445,0.0001367708404568,0.0008400173422935,0.0178883581895571,0.014413224645931,0.0025983975484406,0.0301314780032274,0.0184553686603573,0.0206423277518528,0.000237961320469,3.752204420096807e-05,0.0
2013-02-16.tif,2013-02-shm,2013,2,Shm,1,2013-02-16,2013-02-28,0.0047249907715023,0.0098739404746425,0.0001367708404568,0.0001896813353566,0.0169282256230301,0.0070358395191037,0.0022919526287228,0.0274331366895055,0.0181105278618593,0.0167993412023057,0.000237961320469,3.752204420096807e-05,0.0
2013-03-01.tif,2013-03-mid,2013,3,Mid,0,2013-03-01,2013-03-15,0.0022030269472129,0.0045801833930815,0.0001367708404568,0.0001896813353566,0.0048250316795009,0.0036203834418689,0.001985507709005,0.0242321631702865,0.0080973728239907,0.0135328026351907,0.0002055120494959,3.752204420096807e-05,0.0
2013-03-16.tif,2013-03-shm,2013,3,Shm,1,2013-03-16,2013-03-31,0.0020819490586932,0.0043634798868188,0.0001367708404568,0.0001896813353566,0.0048250316795009,0.0036203834418689,0.0016790627892871,0.0178302161318483,0.0069479034956639,0.0115289596486412,0.0001297970838921,3.752204420096807e-05,0.0
2013-04-01.tif,2013-04-mid,2013,4,Mid,0,2013-04-01,2013-04-15,0.0016692506459948,0.0034997616261431,0.0001358110450851,0.0002574246694125,0.0052393020762257,0.0035065349059611,0.0013726178695693,0.0159784132694902,0.0060538717958542,0.0102662640680757,5.408211828840912e-05,3.752204420096807e-05,0.0
2013-04-16.tif,2013-04-shm,2013,4,Shm,1,2013-04-16,2013-04-30,0.0013857511997046,0.0029053748661081,0.0001348512497135,0.0006367873401257,0.0057023101666829,0.0035065349059611,0.0011172471031378,0.010925636887913,0.0026693232180032,0.0102662640680757,5.408211828840912e-05,3.752204420096807e-05,0.0
2013-05-01.tif,2013-05-mid,2013,5,Mid,0,2013-05-01,2013-05-15,0.0010424510889627,0.00217167870919,0.0001338914543419,0.0006367873401257,0.0057023101666829,0.0031649892982376,0.0003511348038433,0.0085976561466627,0.0009195754626614,0.0016469942355201,9.73478129191364e-05,3.752204420096807e-05,0.0
2013-05-16.tif,2013-05-shm,2013,5,Shm,1,2013-05-16,2013-05-31,0.0010424510889627,0.00217167870919,0.0001329316589703,0.0006503360069369,0.00616531825714,0.0031649892982376,9.576403741181728e-05,0.0085976561466627,0.0009195754626614,0.0016469942355201,0.0001730627785229,3.752204420096807e-05,0.0
2013-06-01.tif,2013-06-mid,2013,6,Mid,0,2013-06-01,2013-06-15,0.0013525286083425,0.002834172285479,0.0001319718635986,0.0006503360069369,0.0089108750040614,0.0031649892982376,9.576403741181728e-05,0.0085976561466627,0.002426657470912,0.0016744441394455,0.0002812270150997,3.752204420096807e-05,0.0
2013-06-16.tif,2013-06-shm,2013,6,Shm,1,2013-06-16,2013-06-30,0.0021314138058324,0.0044671879933874,0.000131012068227,0.0014226100151745,0.0096094486142249,0.0068309121544696,0.0001276853832157,0.0117986296658818,0.0040486864119953,0.0049958825144111,0.0008220481979838,3.752204420096807e-05,0.0
2013-07-01.tif,2013-07-mid,2013,7,Mid,0,2013-07-01,2013-07-15,0.0037076411960132,0.0077579855242057,0.0001300522728554,0.0014226100151745,0.0205916756019105,0.0068309121544696,0.0007022696076866,0.0152906007777572,0.0048916305861016,0.0076036233873181,0.0011681737550296,3.752204420096807e-05,0.0001860292065854
2013-07-16.tif,2013-07-shm,2013,7,Shm,1,2013-07-16,2013-07-31,0.0041033591731266,0.00859693766988,0.0001290924774838,0.0015716453500975,0.0237596256945121,0.0069447606903775,0.0018833594024324,0.0271685934234544,0.0071011660727741,0.0188031841888553,0.0013304201098948,3.752204420096807e-05,0.0003720584131708
2013-08-01.tif,2013-08-mid,2013,8,Mid,0,2013-08-01,2013-08-15,0.010703580657069,0.0223220090272489,0.0001281326821121,0.0015716453500975,0.0623355102836533,0.0130925816294002,0.0113959204520062,0.0579878839184148,0.0110859930776402,0.0562997529508646,0.0040237096006576,3.752204420096807e-05,0.0024183796856106
2013-08-16.tif,2013-08-shm,2013,8,Shm,1,2013-08-16,2013-08-31,0.0153820598006644,0.0320040121106302,0.0001271728867405,0.0016393886841534,0.0623355102836533,0.0385491142583906,0.0327832221406454,0.1125367053781646,0.013359387971442,0.096898160856437,0.0050512698481374,3.752204420096807e-05,0.0033485257185378
2013-09-01.tif,2013-09-mid,2013,9,Mid,0,2013-09-01,2013-09-15,0.0191509782207456,0.039822365040152,0.0001262130913689,0.0016393886841534,0.0625629528544042,0.0388223507445694,0.0598206020365818,0.1125367053781646,0.0158243610866316,0.1933845731539939,0.0071172067667546,3.752204420096807e-05,0.0149753511301274
2013-09-16.tif,2013-09-shm,2013,9,Shm,1,2013-09-16,2013-09-30,0.0196544850498338,0.0409863724452204,0.0001252532959972,0.0016393886841534,0.0623355102836533,0.0601120269593333,0.0709611517221566,0.1125367053781646,0.0158243610866316,0.2244304144935492,0.0089235495175875,3.752204420096807e-05,0.0149753511301274
2013-10-01.tif,2013-10-mid,2013,10,Mid,0,2013-10-01,2013-10-15,0.0196544850498338,0.0409863724452204,0.0001242935006256,0.0016393886841534,0.0543344055625954,0.0601120269593333,0.0709611517221566,0.1123515250919287,0.0148281543354151,0.2244304144935492,0.0089235495175875,3.752204420096807e-05,0.0125569714445167
2013-10-16.tif,2013-10-shm,2013,10,Shm,1,2013-10-16,2013-10-31,0.0158146917681801,0.0331355139897592,0.000123333705254,0.0024929546932581,0.0441563505214933,0.0427842797941618,0.0479777827433204,0.0829343139070395,0.0147898386911375,0.206203678287126,0.0089235495175875,3.752204420096807e-05,0.0070691098502464
2013-11-01.tif,2013-11-mid,2013,11,Mid,0,2013-11-01,2013-11-15,0.0101845699520118,0.0213065983121892,0.0001223739098824,0.0024929546932581,0.0216070442213341,0.0167357347784507,0.0242283014651897,0.0482791460543371,0.0147898386911375,0.1348888278891024,0.0061761779085363,3.752204420096807e-05,0.0070691098502464
2013-11-16.tif,2013-11-shm,2013,11,Shm,1,2013-11-16,2013-11-30,0.0094152823920265,0.0194398523939545,0.0001214141145107,0.0036062034829106,0.0216070442213341,0.0130470422150371,0.0204615826603249,0.0427501917938678,0.0267519828345913,0.1234696678561625,0.0061761779085363,3.752204420096807e-05,0.0070691098502464
2013-12-01.tif,2013-12-mid,2013,12,Mid,0,2013-12-01,2013-12-15,0.00892814076535,0.0184649445961369,0.0001204543191391,0.0036062034829106,0.0197201992211252,0.0130052977518709,0.008363392600632,0.0418583030683239,0.0267519828345913,0.0800164699423552,0.0040020767533422,3.752204420096807e-05,0.0043716863547576
2013-12-16.tif,2013-12-shm,2013,12,Shm,1,2013-12-16,2013-12-31,0.0084409991386735,0.0174900367983192,0.0001194945237675,0.0032968422573885,0.0178333542209163,0.0129635532887047,0.0055543141698854,0.04096641434278,0.0258911580264888,0.0687071095251166,0.0039155453640808,3.752204420096807e-05,0.0039066133382941
2014-01-01.tif,2014-01-mid,2014,1,Mid,0,2014-01-01,2014-01-15,0.007953857511997,0.0165151290005015,0.0001185347283959,0.0029874810318664,0.0159465092207074,0.0129218088255385,0.0055543141698854,0.0400745256172361,0.0250303332183864,0.046939335712325,0.0028339029983126,3.752204420096807e-05,0.0039066133382941
2014-01-16.tif,2014-01-shm,2014,1,Shm,1,2014-01-16,2014-01-31,0.0074667158853205,0.0155402212026838,0.0001175749330242,0.0026781198063443,0.0140596642204986,0.0128800643623723,0.0050036709547674,0.0391826368916922,0.0241695084102839,0.0339280812517156,0.0013196036862371,3.752204420096807e-05,0.0029454624376027
2014-02-01.tif,2014-02-mid,2014,2,Mid,0,2014-02-01,2014-02-15,0.006979574258644,0.0145653134048661,0.0001166151376526,0.0023687585808223,0.0121728192202897,0.012838319899206,0.0044530277396495,0.0382907481661482,0.0233086836021814,0.0228657699698051,0.0003893912516765,3.752204420096807e-05,0.0019843115369112
2014-02-16.tif,2014-02-shm,2014,2,Shm,1,2014-02-16,2014-02-28,0.0064924326319675,0.0135904056070484,0.000115655342281,0.0020593973553002,0.0102859742200808,0.0127965754360398,0.0039023845245315,0.0373988594406043,0.015185767015339,0.0201756793851221,0.0003244927097304,3.752204420096807e-05,0.0010231606362198
2014-03-01.tif,2014-03-mid,2014,3,Mid,0,2014-03-01,2014-03-15,0.0027471391657438,0.0057581217378382,0.0001146955469093,0.0005419466724474,0.0083991292198719,0.007810009563277,0.0033517413094136,0.0365069707150604,0.0061049593215576,0.016250343123799,0.0003244927097304,3.752204420096807e-05,0.000651102223049
2014-03-16.tif,2014-03-shm,2014,3,Shm,1,2014-03-16,2014-03-31,0.0026179401993355,0.0054825987084471,0.0001137357515377,0.0005419466724474,0.0080498424147902,0.0065804453754724,0.0024260222810993,0.0303431126160683,0.0054152777245616,0.0129563546527587,0.0001838792021805,3.752204420096807e-05,0.0003720584131708
2014-04-01.tif,2014-04-mid,2014,4,Mid,0,2014-04-01,2014-04-15,0.0014337393872277,0.0030028914439264,0.0001127759561661,0.0005419466724474,0.0065064821132664,0.0039846987567739,0.0001915280748236,0.0145498796328139,0.001213328735456,0.006450727422454,0.0001815278057332,3.752204420096807e-05,0.0
2014-04-16.tif,2014-04-shm,2014,4,Shm,1,2014-04-16,2014-04-30,0.0014337393872277,0.0030028914439264,0.0001118161607945,0.0005407149754645,0.0065064821132664,0.0039846987567739,0.0001596067290196,0.0145498796328139,0.0006769097155702,0.0033763381828163,0.0001791764092859,3.752204420096807e-05,0.0
2014-05-01.tif,2014-05-mid,2014,5,Mid,0,2014-05-01,2014-05-15,0.0018058324104835,0.0037861198308474,0.0001108563654228,0.0005394832784817,0.0096500633590018,0.007491233662735,0.0001596067290196,0.0153170551043623,0.0006769097155702,0.0033763381828163,0.0001768250128386,3.752204420096807e-05,0.0
2014-05-16.tif,2014-05-shm,2014,5,Shm,1,2014-05-16,2014-05-31,0.0036714654854189,0.0076976181188897,0.0001098965700512,0.0005382515814989,0.0261965103811287,0.007491233662735,0.0003511348038433,0.0192587497685246,0.0020562729095623,0.0045017842437551,0.0001744736163913,3.752204420096807e-05,0.0003720584131708
2014-06-01.tif,2014-06-mid,2014,6,Mid,0,2014-06-01,2014-06-15,0.0050210409745293,0.0105271467578059,0.0001089367746796,0.000537019884516,0.0275449199077233,0.007650621613006,0.000510741532863,0.0197878363006269,0.0020562729095623,0.0060664287674993,0.0001721222199439,3.752204420096807e-05,0.0003720584131708
2014-06-16.tif,2014-06-shm,2014,6,Shm,1,2014-06-16,2014-06-30,0.0051184939091915,0.0107314672065679,0.000107976979308,0.0005357881875332,0.0277398706826526,0.0079921672207295,0.001021483065726,0.0262162376656702,0.003116339067908,0.0171287400494098,0.0001697708234966,3.752204420096807e-05,0.0007441168263417
2014-07-01.tif,2014-07-mid,2014,7,Mid,0,2014-07-01,2014-07-15,0.0080989294942783,0.0167790429134857,0.0001070171839363,0.0005345564905504,0.0304691815316632,0.0111343868117856,0.002617550355923,0.0544165498267241,0.0044573866176226,0.0424650013724952,0.0001674194270493,3.752204420096807e-05,0.0007441168263417
2014-07-16.tif,2014-07-shm,2014,7,Shm,1,2014-07-16,2014-07-31,0.0088246585455887,0.0184259895610825,0.0001060573885647,0.0005333247935675,0.0304691815316632,0.0120451750990482,0.0030006065055702,0.0671939895769953,0.0079057946026029,0.0578094976667581,0.000165068030602,3.752204420096807e-05,0.0053948469909775
2014-08-01.tif,2014-08-mid,2014,8,Mid,0,2014-08-01,2014-08-15,0.0108364710225175,0.0225541913553875,0.0001050975931931,0.0005320930965847,0.0304691815316632,0.020811512363951,0.0105978868069077,0.0706859606888706,0.016488498920776,0.0710403513587702,0.0001627166341546,3.752204420096807e-05,0.0276253371779369
2014-08-16.tif,2014-08-shm,2014,8,Shm,1,2014-08-16,2014-08-31,0.0133045404208194,0.0275677817609946,0.0001041377978215,0.0005308613996019,0.0434658998602852,0.0333803907281752,0.0183866951830689,0.0756064654374222,0.0306652873034726,0.09387867142465,0.0001603652377073,3.752204420096807e-05,0.0372058413170867
2014-09-01.tif,2014-09-mid,2014,9,Mid,0,2014-09-01,2014-09-15,0.014157253599114,0.0293896390957891,0.0001031780024498,0.000529629702619,0.0434658998602852,0.0491825675121817,0.0442749066300635,0.1180127509854236,0.0306652873034726,0.1278067526763656,0.00015801384126,3.752204420096807e-05,0.0372058413170867
2014-09-16.tif,2014-09-shm,2014,9,Shm,1,2014-09-16,2014-09-30,0.0222643041712809,0.0463869333977252,0.0001022182070782,0.0005283980056362,0.071270754134581,0.0524158659319641,0.0524148498100679,0.1815031348377027,0.033500644980012,0.1492176777381279,0.0001556624448127,3.752204420096807e-05,0.0307878336898893
2014-10-01.tif,2014-10-mid,2014,10,Mid,0,2014-10-01,2014-10-15,0.0222643041712809,0.0463869333977252,0.0001012584117066,0.0005271663086534,0.071270754134581,0.0524158659319641,0.0524148498100679,0.1981693605989259,0.0361571963165893,0.1492176777381279,0.0001533110483654,3.752204420096807e-05,0.0149753511301274
2014-10-16.tif,2014-10-shm,2014,10,Shm,1,2014-10-16,2014-10-31,0.0222643041712809,0.0463869333977252,0.0001002986163349,0.0005259346116705,0.071270754134581,0.0524158659319641,0.0524148498100679,0.1981693605989259,0.0419045429582231,0.1492176777381279,0.000150959651918,3.752204420096807e-05,0.0091154311226862
2014-11-01.tif,2014-11-mid,2014,11,Mid,0,2014-11-01,2014-11-15,0.0171864156515319,0.0359433722780491,9.93388209633706e-05,0.0005247029146877,0.042458654189817,0.0392549751810191,0.0517764228939892,0.1474299621703129,0.0419045429582231,0.1297282459511391,0.0001486082554707,3.752204420096807e-05,0.0091154311226862
2014-11-16.tif,2014-11-shm,2014,11,Shm,1,2014-11-16,2014-11-30,0.0155260243632336,0.0324281318300301,9.837902559174384e-05,0.0005234712177049,0.0280891574877343,0.0322419053690969,0.0406677945542184,0.1470860559244464,0.0419045429582231,0.1234422179522371,0.0001462568590234,3.752204420096807e-05,0.0089061482652776
2014-12-01.tif,2014-12-mid,2014,12,Mid,0,2014-12-01,2014-12-15,0.0155260243632336,0.0324281318300301,9.741923022011708e-05,0.000522239520722,0.0280891574877343,0.0322419053690969,0.021993807258914,0.1265574984788762,0.0409636810265186,0.1088114191600329,0.0001439054625761,3.752204420096807e-05,0.0089061482652776
2014-12-16.tif,2014-12-shm,2014,12,Shm,1,2014-12-16,2014-12-31,0.0152283130306386,0.0318209750419476,9.64594348484903e-05,0.0005210078237392,0.024398631012336,0.0188760872535179,0.006256583777572,0.1066902991984339,0.0400228190948141,0.0916552292066977,0.0001415540661287,3.752204420096807e-05,0.008696865407869
2015-01-01.tif,2015-01-mid,2015,1,Mid,0,2015-01-01,2015-01-15,0.0149306016980435,0.031213818253865,9.549963947686353e-05,0.0005197761267563,0.0207081045369377,0.0170545106789926,0.0052670220576499,0.0973254675802227,0.0390819571631097,0.0573702992039527,0.0001392026696814,3.752204420096807e-05,0.0084875825504604
2015-01-16.tif,2015-01-shm,2015,1,Shm,1,2015-01-16,2015-01-31,0.0146328903654485,0.0306066614657825,9.453984410523676e-05,0.0005185444297735,0.0170175780615394,0.0152329341044674,0.0039582468796884,0.0941774027142139,0.0381410952314052,0.056409552566566,0.0001368512732341,3.752204420096807e-05,0.0082782996930518
2015-02-01.tif,2015-02-mid,2015,2,Mid,0,2015-02-01,2015-02-15,0.0143351790328534,0.0299995046776999,9.358004873361e-05,0.0005173127327907,0.0133270515861411,0.0134113575299421,0.0038545025058256,0.0941774027142139,0.0372002332997007,0.0299752950864671,0.0001344998767868,3.752204420096807e-05,0.0044647009580504
2015-02-16.tif,2015-02-shm,2015,2,Shm,1,2015-02-16,2015-02-28,0.0097283130306386,0.0203484592380704,9.26202533619832e-05,0.0005160810358078,0.0096365251107428,0.0115897809554169,0.0037507581319628,0.0861881960794688,0.0362593713679962,0.0267911062311281,0.0001321484803395,3.752204420096807e-05,0.001302204446098
2015-03-01.tif,2015-03-mid,2015,3,Mid,0,2015-03-01,2015-03-15,0.0031148025101513,0.006519679774133,9.166045799035644e-05,0.000514849338825,0.0059459986353445,0.0097682043808916,0.0036470137581,0.046427343191979,0.0122226905245411,0.0153444962942629,0.0001297970838921,3.752204420096807e-05,0.0003720584131708
2015-03-16.tif,2015-03-shm,2015,3,Shm,1,2015-03-16,2015-03-31,0.0030623846437799,0.0064159716675644,9.070066261872968e-05,0.000514849338825,0.0059459986353445,0.0058745844528439,0.0035432693842372,0.044840083595672,0.0073055161755878,0.0136700521548174,8.653138926145459e-05,3.752204420096807e-05,0.0
2015-04-01.tif,2015-04-mid,2015,4,Mid,0,2015-04-01,2015-04-15,0.0028039867109634,0.0058788565484703,8.974086724710291e-05,0.000507459156928,0.0059459986353445,0.0058062753312992,0.0018833594024324,0.0320097351921906,0.0059772405072991,0.0123250068624759,8.653138926145459e-05,3.752204420096807e-05,0.0
2015-04-16.tif,2015-04-shm,2015,4,Shm,1,2015-04-16,2015-04-30,0.0028039867109634,0.0058788565484703,8.878107187547615e-05,0.000500068975031,0.008171686649121,0.0057379662097545,0.0012449324863536,0.0320097351921906,0.005287558910303,0.0042821850123524,8.653138926145459e-05,3.752204420096807e-05,0.0
2015-05-01.tif,2015-05-mid,2015,5,Mid,0,2015-05-01,2015-05-15,0.0040701365817644,0.0085148999139377,8.782127650384938e-05,0.000492678793134,0.0246125353348279,0.0056696570882098,0.0001915280748236,0.031639374619719,0.005287558910303,0.0042821850123524,0.0001838792021805,3.752204420096807e-05,0.0009301460329271
2015-05-16.tif,2015-05-shm,2015,5,Shm,1,2015-05-16,2015-05-31,0.0041122185308231,0.0086170601383187,8.686148113222261e-05,0.000485288611237,0.0248968385482665,0.0056013479666651,0.0001915280748236,0.0320097351921906,0.004597877313307,0.0042821850123524,0.0002595941677843,3.752204420096807e-05,0.0009301460329271
2015-06-01.tif,2015-06-mid,2015,6,Mid,0,2015-06-01,2015-06-15,0.0043248431155407,0.0090674938549077,8.590168576059584e-05,0.00047789842934,0.0295594112486597,0.0055330388451204,0.0005426628786669,0.031639374619719,0.004597877313307,0.0048311830908591,0.0002595941677843,3.752204420096807e-05,0.000651102223049
2015-06-16.tif,2015-06-shm,2015,6,Shm,1,2015-06-16,2015-06-30,0.0043248431155407,0.0090674938549077,8.494189038896907e-05,0.0004705082474429,0.0295594112486597,0.0054647297235757,0.0005745842244709,0.0397343985608846,0.004597877313307,0.0059017293439472,0.0006057197248301,3.752204420096807e-05,0.000651102223049
2015-07-01.tif,2015-07-mid,2015,7,Mid,0,2015-07-01,2015-07-15,0.0046090808416389,0.0096340187355659,8.39820950173423e-05,0.0004631180655459,0.0176186762842382,0.005396420602031,0.0007661122992945,0.0410042062379302,0.0049044024675274,0.006450727422454,0.0006489854194609,3.752204420096807e-05,0.000651102223049
2015-07-16.tif,2015-07-shm,2015,7,Shm,1,2015-07-16,2015-07-31,0.0046090808416389,0.0096340187355659,8.302229964571553e-05,0.0004557278836489,0.0176186762842382,0.0053281114804863,0.0022983368978836,0.046665432131425,0.0049044024675274,0.0167169914905297,0.0020226712239865,3.752204420096807e-05,0.000651102223049
2015-08-01.tif,2015-08-mid,2015,8,Mid,0,2015-08-01,2015-08-15,0.0060922849760059,0.0127050169957464,8.206250427408876e-05,0.0004483377017519,0.0203398641842934,0.0052598023589416,0.0063523478149838,0.0526176556175762,0.0120821998288567,0.0348888278891023,0.0020226712239865,3.752204420096807e-05,0.0010231606362198
2015-08-16.tif,2015-08-shm,2015,8,Shm,1,2015-08-16,2015-08-31,0.0075038759689922,0.0155624075140392,8.110270890246198e-05,0.0004409475198549,0.0259040842187347,0.0051914932373969,0.0069588533852587,0.0624322107880743,0.0120821998288567,0.0556135053527312,0.0016873620905983,3.752204420096807e-05,0.0010231606362198
2015-09-01.tif,2015-09-mid,2015,9,Mid,0,2015-09-01,2015-09-15,0.0094197120708748,0.0195838054374005,8.014291353083521e-05,0.0004335573379579,0.0312652305292913,0.0051231841158522,0.0094806397037699,0.0767440014814423,0.0120821998288567,0.0617897337359319,0.0016873620905983,3.752204420096807e-05,0.0048367593712212
2015-09-16.tif,2015-09-shm,2015,9,Shm,1,2015-09-16,2015-09-30,0.0094197120708748,0.0195838054374005,7.918311815920846e-05,0.0004261671560609,0.0312652305292913,0.0050548749943075,0.0202062118938934,0.0767440014814423,0.0115457808089709,0.0620367828712599,0.0023471639337169,3.752204420096807e-05,0.0048367593712212
2015-10-01.tif,2015-10-mid,2015,10,Mid,0,2015-10-01,2015-10-15,0.0072159468438538,0.0150779203893233,7.822332278758168e-05,0.0004187769741639,0.0239545764694414,0.0049865658727628,0.0202062118938934,0.0632522949128329,0.0108816429748266,0.0620367828712599,0.0023471639337169,3.752204420096807e-05,0.0044647009580504
2015-10-16.tif,2015-10-shm,2015,10,Shm,1,2015-10-16,2015-10-31,0.0069051310446659,0.0144045916377212,7.726352741595491e-05,0.0004113867922669,0.0217532573025311,0.0049182567512181,0.0202062118938934,0.0493373191185418,0.0115457808089709,0.0546802086192698,0.0023471639337169,3.752204420096807e-05,0.0044647009580504
2015-11-01.tif,2015-11-mid,2015,11,Mid,0,2015-11-01,2015-11-15,0.0069051310446659,0.0144045916377212,7.630373204432815e-05,0.0004039966103699,0.0217532573025311,0.0048499476296734,0.0142688415743607,0.0493373191185418,0.0115457808089709,0.0546802086192698,0.0019902219530134,3.752204420096807e-05,0.017393730815738
2015-11-16.tif,2015-11-shm,2015,11,Shm,1,2015-11-16,2015-11-30,0.0105170419589024,0.0218117238660731,7.534393667270138e-05,0.0003966064284728,0.0290720343113363,0.0047816385081287,0.0142688415743607,0.0533451495992169,0.0282769454768381,0.060170189404337,0.0019902219530134,3.752204420096807e-05,0.017393730815738
2015-12-01.tif,2015-12-mid,2015,12,Mid,0,2015-12-01,2015-12-15,0.0105170419589024,0.0218117238660731,7.43841413010746e-05,0.0003892162465758,0.0290720343113363,0.004713329386584,0.0063842691607878,0.0533451495992169,0.0282769454768381,0.060170189404337,0.0019902219530134,3.752204420096807e-05,0.0156264533531764
2015-12-16.tif,2015-12-shm,2015,12,Shm,1,2015-12-16,2015-12-31,0.0102027808539436,0.0212580980036447,7.342434592944783e-05,0.0003818260646788,0.0258147317802254,0.0046450202650393,0.0046285951415711,0.0511097590010846,0.0250328875946715,0.060170189404337,0.0016332799723099,3.752204420096807e-05,0.0053948469909775
2016-01-16.tif,2016-01-shm,2016,1,Shm,1,2016-01-16,2016-01-31,0.0098885197489848,0.0207044721412163,7.246455055782107e-05,0.0003744358827818,0.0225574292491146,0.0045767111434946,0.0046285951415711,0.0488743684029523,0.0104346271249217,0.0379906670326653,0.0002920434387574,3.752204420096807e-05,0.0040926425448795
2016-02-01.tif,2016-02-mid,2016,2,Mid,0,2016-02-01,2016-02-15,0.0090609080841638,0.0189662004445517,7.15047551861943e-05,0.0003670457008848,0.0193001267180037,0.0045084020219499,0.0040939125993551,0.0466389778048199,0.0092340702708916,0.0360966236618171,0.000237961320469,3.752204420096807e-05,0.0031624965119523
2016-02-16.tif,2016-02-shm,2016,2,Shm,1,2016-02-16,2016-02-29,0.0042332964193429,0.0088662691705208,7.054495981456753e-05,0.0003596555189878,0.0160428241868928,0.0044400929004053,0.0035592300571392,0.0444035872066876,0.0055813121830976,0.0184737853417513,0.0001838792021805,3.752204420096807e-05,0.0010231606362198
2016-03-01.tif,2016-03-mid,2016,3,Mid,0,2016-03-01,2016-03-15,0.003094130675526,0.0064825306016308,6.958516444294077e-05,0.0003522653370908,0.0130292101244435,0.004189626121408,0.0030245475149232,0.0421681966085553,0.0053386464360064,0.0061213285753499,4.3265694630727294e-05,3.752204420096807e-05,0.0003720584131708
2016-03-16.tif,2016-03-shm,2016,3,Shm,1,2016-03-16,2016-03-31,0.0017615356220007,0.0036932468995919,6.8625369071314e-05,0.0003251680034684,0.0091708093706339,0.004189626121408,0.0024898649727072,0.0231210814528716,0.001468766363973,0.003266538567115,4.3265694630727294e-05,3.752204420096807e-05,0.0
2016-04-01.tif,2016-04-mid,2016,4,Mid,0,2016-04-01,2016-04-15,0.0016648209671465,0.0034904743330175,6.766557369968721e-05,0.0003251680034684,0.0091708093706339,0.0036886925634136,0.0011491684489418,0.0156080526970185,0.0010856099211974,0.0027724402964589,4.3265694630727294e-05,3.752204420096807e-05,0.0
2016-04-16.tif,2016-04-shm,2016,4,Shm,1,2016-04-16,2016-04-30,0.0016648209671465,0.0034904743330175,6.670577832806046e-05,0.0003222226411182,0.0090687427511509,0.0036807726652635,9.576403741181728e-05,0.0136504325282399,0.0010856099211974,0.0021136426022508,4.3265694630727294e-05,3.752204420096807e-05,0.0
2016-05-01.tif,2016-05-mid,2016,5,Mid,0,2016-05-01,2016-05-15,0.0018722775932078,0.0039254292277306,6.574598295643368e-05,0.0003192772787679,0.008966676131668,0.0036728527671134,9.576403741181728e-05,0.0136504325282399,0.0014943101268247,0.0021136426022508,4.3265694630727294e-05,3.752204420096807e-05,0.0
2016-05-16.tif,2016-05-shm,2016,5,Shm,1,2016-05-16,2016-05-31,0.0041336286452565,0.0086619487217588,6.478618758480691e-05,0.0003163319164176,0.0088646095121851,0.0036649328689633,9.576403741181728e-05,0.0202111055263088,0.002081816672414,0.0023881416415042,4.3265694630727294e-05,3.752204420096807e-05,9.301460329271696e-05
2016-06-01.tif,2016-06-mid,2016,6,Mid,0,2016-06-01,2016-06-15,0.0045655223329641,0.0095705555658747,6.382639221318014e-05,0.0003133865540674,0.0087625428927022,0.0036570129708131,0.0003192134580393,0.0235972593317637,0.0027587263879842,0.0301948943178698,4.3265694630727294e-05,3.752204420096807e-05,9.301460329271696e-05
2016-06-16.tif,2016-06-shm,2016,6,Shm,1,2016-06-16,2016-06-30,0.0047855297157622,0.0100163456359009,6.286659684155338e-05,0.0003104411917171,0.0086604762732192,0.003649093072663,0.0019152807482363,0.0243379804767069,0.0033334610521475,0.0332692835575075,4.3265694630727294e-05,3.752204420096807e-05,0.0001860292065854
2016-07-01.tif,2016-07-mid,2016,7,Mid,0,2016-07-01,2016-07-15,0.0099977851605758,0.0209273671762294,6.190680146992661e-05,0.0003074958293669,0.0085584096537363,0.0036411731745129,0.009927538545025,0.0351313457315944,0.0056196278273752,0.0336535822124622,4.3265694630727294e-05,3.752204420096807e-05,0.0041856571481722
2016-07-16.tif,2016-07-shm,2016,7,Shm,1,2016-07-16,2016-07-31,0.0190461424880029,0.039898211267344,6.094700609829983e-05,0.0003045504670166,0.0084563430342534,0.0036332532763628,0.0199508411274619,0.0824581360281474,0.0101408738521271,0.0656601701894043,4.3265694630727294e-05,3.752204420096807e-05,0.0054878615942703
2016-08-01.tif,2016-08-mid,2016,8,Mid,0,2016-08-01,2016-08-15,0.0230741971207087,0.0483434564828401,5.998721072667307e-05,0.0003016051046663,0.0083542764147704,0.0036253333782127,0.0322086379161745,0.1231448903468162,0.0333729261657534,0.125638210266264,4.3265694630727294e-05,3.752204420096807e-05,0.0082782996930518
2016-08-16.tif,2016-08-shm,2016,8,Shm,1,2016-08-16,2016-08-31,0.0230741971207087,0.0483434564828401,5.90274153550463e-05,0.0002986597423161,0.0082522097952875,0.0036174134800626,0.0422319404986114,0.1231448903468162,0.0333729261657534,0.147598133406533,4.3265694630727294e-05,3.752204420096807e-05,0.0082782996930518
2016-09-01.tif,2016-09-mid,2016,9,Mid,0,2016-09-01,2016-09-15,0.0184400147655961,0.0386459745775829,5.806761998341953e-05,0.0002957143799658,0.0081501431758046,0.0036094935819125,0.0422319404986114,0.1208698182587762,0.0312783376119136,0.147598133406533,4.3265694630727294e-05,3.752204420096807e-05,0.0082782996930518
2016-09-16.tif,2016-09-shm,2016,9,Shm,1,2016-09-16,2016-09-30,0.0135430047988187,0.0283897072026053,5.710782461179275e-05,0.0002927690176156,0.0080480765563217,0.0036015736837624,0.0391036486098253,0.0973783762334329,0.0245986436261925,0.1278342025802909,4.3265694630727294e-05,3.752204420096807e-05,0.0077202120732955
2016-10-01.tif,2016-10-mid,2016,10,Mid,0,2016-10-01,2016-10-15,0.0126718346253229,0.0265523710459349,5.6148029240166e-05,0.0002898236552653,0.0079460099368387,0.0035936537856123,0.0234941105116991,0.0910822465014153,0.0243559778791013,0.1064232775185286,4.3265694630727294e-05,3.752204420096807e-05,0.0077202120732955
2016-10-16.tif,2016-10-shm,2016,10,Shm,1,2016-10-16,2016-10-31,0.008953119232189,0.0187603321136021,5.5188233868539214e-05,0.0002868782929151,0.0078439433173558,0.0035857338874622,0.0210361668847958,0.0622734848284436,0.0243559778791013,0.0931100741147405,4.3265694630727294e-05,3.752204420096807e-05,0.0073481536601246
2016-11-01.tif,2016-11-mid,2016,11,Mid,0,2016-11-01,2016-11-15,0.008953119232189,0.0187603321136021,5.422843849691244e-05,0.0002839329305648,0.0077418766978729,0.003577813989312,0.0196316276694225,0.0569561651808153,0.0264505664329412,0.0624210815262146,4.3265694630727294e-05,3.752204420096807e-05,0.0077202120732955
2016-11-16.tif,2016-11-shm,2016,11,Shm,1,2016-11-16,2016-11-30,0.0102107788851974,0.0211343964188197,5.326864312528569e-05,0.0002809875682145,0.0076398100783899,0.0035698940911619,0.0119705046764771,0.0485965979735985,0.0409849674955617,0.0469118858083996,4.3265694630727294e-05,3.752204420096807e-05,0.0099525625523207
2016-12-01.tif,2016-12-mid,2016,12,Mid,0,2016-12-01,2016-12-15,0.0102107788851974,0.0211343964188197,5.230884775365891e-05,0.0002780422058643,0.007537743458907,0.0035619741930118,0.0074057522265138,0.0446813576360413,0.0409849674955617,0.0397474608838869,4.3265694630727294e-05,3.752204420096807e-05,0.0099525625523207
2016-12-16.tif,2016-12-shm,2016,12,Shm,1,2016-12-16,2016-12-31,0.0095976375046142,0.0198461714681972,5.134905238203214e-05,0.000275096843514,0.0074356768394241,0.0035540542948617,0.0036071120758451,0.0446813576360413,0.0340881515256012,0.0387867142465001,4.3265694630727294e-05,3.752204420096807e-05,0.006883080643661
2017-01-01.tif,2017-01-mid,2017,1,Mid,0,2017-01-01,2017-01-15,0.008984496124031,0.0185579465175746,5.0389257010405384e-05,0.0002721514811638,0.0073336102199412,0.0035461343967116,0.0036071120758451,0.042375422166962,0.0332835229957725,0.0376612681855613,4.3265694630727294e-05,3.752204420096807e-05,0.0038135987350013
2017-01-16.tif,2017-01-shm,2017,1,Shm,1,2017-01-16,2017-01-31,0.0083713547434477,0.017269721566952,4.942946163877861e-05,0.0002692061188135,0.0072315436004582,0.0035382144985615,0.0031985188495546,0.0400694866978827,0.0269231260456977,0.0307713423003019,4.3265694630727294e-05,3.752204420096807e-05,0.0035345549251232
2017-02-01.tif,2017-02-mid,2017,2,Mid,0,2017-02-01,2017-02-15,0.0052757475083056,0.010996155060646,4.846966626715183e-05,0.0002662607564633,0.0071294769809753,0.0035302946004114,0.0027899256232642,0.0377635512288034,0.0151602232524873,0.0274224540214109,4.3265694630727294e-05,3.752204420096807e-05,0.0003720584131708
2017-02-16.tif,2017-02-shm,2017,2,Shm,1,2017-02-16,2017-02-28,0.0049641934293097,0.0104002204184235,4.750987089552506e-05,0.000263315394113,0.0070274103614924,0.0035223747022613,0.0023813323969738,0.0354576157597241,0.0083144948082302,0.0228383200658797,4.3265694630727294e-05,3.752204420096807e-05,0.0001860292065854
2017-03-01.tif,2017-03-mid,2017,3,Mid,0,2017-03-01,2017-03-15,0.0042155777039497,0.0088306678802063,4.65500755238983e-05,0.0002603700317627,0.0069253437420094,0.0035144548041112,0.0019727391706834,0.0331516802906448,0.0062837656615195,0.0171836398572605,4.3265694630727294e-05,3.752204420096807e-05,0.0001860292065854
2017-03-16.tif,2017-03-shm,2017,3,Shm,1,2017-03-16,2017-03-31,0.0019505352528608,0.0040895047396152,4.5590280152271535e-05,0.0002603700317627,0.0068232771225265,0.0035065349059611,0.001564145944393,0.0308457448215655,0.0033717766964251,0.0087839692561076,4.3265694630727294e-05,3.752204420096807e-05,0.0
2017-04-01.tif,2017-04-mid,2017,4,Mid,0,2017-04-01,2017-04-15,0.0018095238095238,0.0037938592417853,4.5590280152271535e-05,0.0003522653370908,0.0068232771225265,0.0025274374971537,0.0006703482618827,0.0265865982381418,0.0027459545065583,0.007027175404886,4.3265694630727294e-05,3.752204420096807e-05,0.0
2017-04-16.tif,2017-04-shm,2017,4,Shm,1,2017-04-16,2017-04-30,0.0014042081949058,0.0029425240386103,0.000341927101142,0.0003522653370908,0.0068232771225265,0.0020265039391593,0.0005426628786669,0.017539218539192,0.0010983818026233,0.0045292341476804,4.3265694630727294e-05,3.752204420096807e-05,0.0
2017-05-01.tif,2017-05-mid,2017,5,Mid,0,2017-05-01,2017-05-15,0.0014042081949058,0.0029425240386103,0.0005242882217511,0.0008264686754823,0.0076030802222438,0.0020265039391593,0.0005426628786669,0.017539218539192,0.0010983818026233,0.0043096349162777,4.3265694630727294e-05,3.752204420096807e-05,0.0
2017-05-16.tif,2017-05-shm,2017,5,Shm,1,2017-05-16,2017-05-31,0.0023041712809154,0.0048278445430961,0.0023023091476897,0.0008264686754823,0.0135653247554992,0.0033699166628717,0.0007022696076866,0.0179095791116637,0.0017497477553418,0.0043096349162777,4.3265694630727294e-05,3.752204420096807e-05,0.0
2017-06-01.tif,2017-06-mid,2017,6,Mid,0,2017-06-01,2017-06-15,0.0026157253599114,0.0054671198865711,0.0026670313889078,0.0028316713635378,0.0135653247554992,0.0033699166628717,0.0016918313276087,0.0179095791116637,0.0022861667752276,0.0043096349162777,4.3265694630727294e-05,3.752204420096807e-05,0.0004650730164635
2017-06-16.tif,2017-06-shm,2017,6,Shm,1,2017-06-16,2017-06-30,0.0028002953119232,0.0058711171375324,0.0097563199525861,0.0058936700628658,0.0135653247554992,0.0033699166628717,0.0016918313276087,0.0191000238088939,0.0022861667752276,0.0068075761734833,4.3265694630727294e-05,3.752204420096807e-05,0.0005580876197563
2017-07-01.tif,2017-07-mid,2017,7,Mid,0,2017-07-01,2017-07-15,0.0037593207825765,0.0078756245704626,0.0097563199525861,0.0076008020810752,0.0137034148877408,0.0033699166628717,0.0024898649727072,0.0238618025978148,0.0051981557403221,0.0120505078232226,4.3265694630727294e-05,3.752204420096807e-05,0.000651102223049
2017-07-16.tif,2017-07-shm,2017,7,Shm,1,2017-07-16,2017-07-31,0.0046496862310815,0.0097052213161951,0.0183500877612892,0.014009321482766,0.0171231763979595,0.0037797713921398,0.0024898649727072,0.035501706304066,0.0054152777245616,0.0152346966785616,4.3265694630727294e-05,3.752204420096807e-05,0.000651102223049
2017-08-01.tif,2017-08-mid,2017,8,Mid,0,2017-08-01,2017-08-15,0.0096869693613879,0.020179740079623,0.0183500877612892,0.014009321482766,0.0486727101406894,0.0062616694749305,0.0024898649727072,0.0370625115737678,0.0075098662784014,0.022536371122701,4.3265694630727294e-05,3.752204420096807e-05,0.0021393358757324
2017-08-16.tif,2017-08-shm,2017,8,Shm,1,2017-08-16,2017-08-31,0.0101114802510151,0.0211456185646798,0.0211538899906539,0.014009321482766,0.0686632875199012,0.0088118766792659,0.0099594598908289,0.0497605883442237,0.014406682248362,0.0331045841339555,4.3265694630727294e-05,3.752204420096807e-05,0.0043716863547576
2017-09-01.tif,2017-09-mid,2017,9,Mid,0,2017-09-01,2017-09-15,0.0149686231081579,0.0310381336255734,0.0215186122318721,0.014009321482766,0.0804821782499918,0.0226558586456578,0.0169502346218916,0.0724319462448083,0.0183531936089505,0.0667032665385671,4.3265694630727294e-05,3.752204420096807e-05,0.0072551390568319
2017-09-16.tif,2017-09-shm,2017,9,Shm,1,2017-09-16,2017-09-30,0.0157556293835363,0.0329791778888125,0.0215186122318721,0.0291160849772382,0.0804821782499918,0.0337674757502618,0.0183866951830689,0.0724319462448083,0.0207032197913074,0.0832006587976942,4.3265694630727294e-05,3.752204420096807e-05,0.0072551390568319
2017-10-01.tif,2017-10-mid,2017,10,Mid,0,2017-10-01,2017-10-15,0.0157556293835363,0.0329791778888125,0.0215186122318721,0.0291160849772382,0.0697111479351463,0.0337674757502618,0.0183866951830689,0.0688341578265125,0.0207032197913074,0.0832006587976942,4.3265694630727294e-05,3.752204420096807e-05,0.0057669054041484
2017-10-16.tif,2017-10-shm,2017,10,Shm,1,2017-10-16,2017-10-31,0.0139955703211517,0.0293199843973475,0.0181905217807563,0.0291160849772382,0.0605809533092894,0.0293046131426749,0.0183866951830689,0.0635168381788841,0.0207032197913074,0.0708207521273675,4.3265694630727294e-05,3.752204420096807e-05,0.0057669054041484
2017-11-01.tif,2017-11-mid,2017,11,Mid,0,2017-11-01,2017-11-15,0.0124614248800295,0.0256638866702577,0.0058583509995668,0.0054194667244743,0.0460327517301881,0.0221776947948449,0.0179397963418137,0.0564006243221078,0.0209331136569728,0.062777930277244,4.3265694630727294e-05,3.752204420096807e-05,0.0213003441540321
2017-11-16.tif,2017-11-shm,2017,11,Shm,1,2017-11-16,2017-11-30,0.008610557401255,0.0179740079623059,0.0058583509995668,0.0054194667244743,0.0231991422165903,0.0221776947948449,0.0141730775369489,0.0494960450781725,0.0239855933177516,0.0572330496843261,4.3265694630727294e-05,3.752204420096807e-05,0.0214863733606176
2017-12-01.tif,2017-12-mid,2017,12,Mid,0,2017-12-01,2017-12-15,0.008610557401255,0.0179740079623059,0.00572158015911,0.004696871161211,0.0231991422165903,0.0206293547064984,0.0124174035177323,0.0489669585460702,0.0239855933177516,0.0572330496843261,4.3265694630727294e-05,3.752204420096807e-05,0.0214863733606176
2017-12-16.tif,2017-12-shm,2017,12,Shm,1,2017-12-16,2017-12-31,0.0077937246216315,0.0162567874633925,0.0055848093186532,0.0039742755979478,0.0214429606524352,0.019081014618152,0.0049158872538066,0.0486389248961667,0.0228840185447718,0.0572330496843261,4.3265694630727294e-05,3.752204420096807e-05,0.015440424146591
2018-01-01.tif,2018-01-mid,2018,1,Mid,0,2018-01-01,2018-01-15,0.0069768918420081,0.0145395669644792,0.0054480384781964,0.0032516800346845,0.0196867790882802,0.0175326745298055,0.0032559772720017,0.0483108912462633,0.021782443771792,0.050535273126544,4.3265694630727294e-05,3.752204420096807e-05,0.0011161752395126
2018-01-16.tif,2018-01-shm,2018,1,Shm,1,2018-01-16,2018-01-31,0.0061600590623846,0.0128223464655658,0.0053112676377396,0.0025290844714213,0.0179305975241251,0.015984334441459,0.0032559772720017,0.0479828575963598,0.0206808689988122,0.0491078781224265,4.3265694630727294e-05,3.752204420096807e-05,0.0004650730164635
2018-02-01.tif,2018-02-mid,2018,2,Mid,0,2018-02-01,2018-02-15,0.0053432262827611,0.0111051259666524,0.0051744967972828,0.0018064889081581,0.0161744159599701,0.0144359943531126,0.0029367638139623,0.0476548239464564,0.0195792942258324,0.0411199560801537,4.3265694630727294e-05,3.752204420096807e-05,0.0004650730164635
2018-02-16.tif,2018-02-shm,2018,2,Shm,1,2018-02-16,2018-02-28,0.0045263935031376,0.009387905467739,0.0007522396225124,0.0010838933448948,0.014418234395815,0.0128876542647661,0.002617550355923,0.047326790296553,0.0140873852127156,0.0287125995059017,4.3265694630727294e-05,3.752204420096807e-05,0.0
2018-03-01.tif,2018-03-mid,2018,3,Mid,0,2018-03-01,2018-03-15,0.0044341085271317,0.0092872931255456,0.0007522396225124,0.0007993713418599,0.014418234395815,0.0080604763422742,0.0022983368978836,0.0448665379222771,0.0140873852127156,0.0264342574800988,4.3265694630727294e-05,3.752204420096807e-05,0.0
2018-03-16.tif,2018-03-shm,2018,3,Shm,1,2018-03-16,2018-03-31,0.0044341085271317,0.0092872931255456,0.0007522396225124,0.0007451766746152,0.014418234395815,0.0079921672207295,0.0019791234398442,0.0423533768947911,0.0140873852127156,0.0185561350535273,4.3265694630727294e-05,3.752204420096807e-05,0.0
2018-04-01.tif,2018-04-mid,2018,4,Mid,0,2018-04-01,2018-04-15,0.0019616094499815,0.0041127229724291,0.0007455910399902,0.0007384023412096,0.0096581863079572,0.0058973541600255,0.0016599099818048,0.0161106849025158,0.0037677050206265,0.0043096349162777,4.3265694630727294e-05,3.752204420096807e-05,0.0
2018-04-16.tif,2018-04-shm,2018,4,Shm,1,2018-04-16,2018-04-30,0.0019616094499815,0.0041127229724291,0.000738942457468,0.000731628007804,0.0096581863079572,0.0058973541600255,9.576403741181728e-05,0.015475781063993,0.0037677050206265,0.0043096349162777,4.3265694630727294e-05,3.752204420096807e-05,0.0
2018-05-01.tif,2018-05-mid,2018,5,Mid,0,2018-05-01,2018-05-15,0.0022731635289774,0.0047643813734049,0.0007322938749458,0.0007248536743984,0.0121356857393508,0.0080832460494558,9.576403741181728e-05,0.015475781063993,0.0037677050206265,0.0041449354927257,4.3265694630727294e-05,3.752204420096807e-05,9.301460329271696e-05
2018-05-16.tif,2018-05-shm,2018,5,Shm,1,2018-05-16,2018-05-31,0.00596973052787,0.0125130796044851,0.0007256452924236,0.0007180793409928,0.0379422945706209,0.0081515551710005,9.576403741181728e-05,0.015475781063993,0.0040359145305694,0.0041449354927257,4.3265694630727294e-05,3.752204420096807e-05,0.0014882336526834
2018-06-01.tif,2018-06-mid,2018,6,Mid,0,2018-06-01,2018-06-15,0.00596973052787,0.0125130796044851,0.0007189967099014,0.0007113050075872,0.0379422945706209,0.0081515551710005,0.0005745842244709,0.0216660934895902,0.0047766836532689,0.0041449354927257,4.3265694630727294e-05,3.752204420096807e-05,0.0023253650823179
2018-06-16.tif,2018-06-shm,2018,6,Shm,1,2018-06-16,2018-06-30,0.00596973052787,0.0125130796044851,0.0007123481273792,0.0007045306741816,0.0379422945706209,0.0081515551710005,0.0028729211223545,0.027538953995926,0.0054919090131167,0.0046939335712325,4.3265694630727294e-05,3.752204420096807e-05,0.003255511115245
2018-07-01.tif,2018-07-mid,2018,7,Mid,0,2018-07-01,2018-07-15,0.0071760797342192,0.0150407712168211,0.000705699544857,0.000697756340776,0.0459758910875004,0.0103146773532492,0.0033517413094136,0.0310573794344064,0.0100003831564427,0.0149052978314575,4.3265694630727294e-05,3.752204420096807e-05,0.0044647009580504
2018-07-16.tif,2018-07-shm,2018,7,Shm,1,2018-07-16,2018-07-31,0.0085049833887043,0.0177774269244819,0.0006990509623348,0.0006909820073704,0.0533758975858595,0.0110660776902409,0.0076611229929453,0.0435702759186264,0.0105623459391803,0.0196541312105407,4.3265694630727294e-05,3.752204420096807e-05,0.0079062412798809
2018-08-01.tif,2018-08-mid,2018,8,Mid,0,2018-08-01,2018-08-15,0.0113953488372093,0.0236965284098296,0.0006924023798126,0.0006842076739648,0.0533758975858595,0.0117491689056878,0.0204935040061289,0.0884632681675088,0.0149175575053961,0.0424375514685698,4.3265694630727294e-05,3.752204420096807e-05,0.0128360152543949
2018-08-16.tif,2018-08-shm,2018,8,Shm,1,2018-08-16,2018-08-31,0.0120775193798449,0.0251546334305403,0.0006857537972904,0.0006774333405592,0.0612307892257205,0.0185117719386128,0.0415296708909247,0.0901563450702362,0.0175996526048252,0.0526763656327202,4.3265694630727294e-05,3.752204420096807e-05,0.0148823365268347
2018-09-01.tif,2018-09-mid,2018,9,Mid,0,2018-09-01,2018-09-15,0.0169420450350682,0.0350966807214369,0.0006791052147682,0.0006706590071536,0.063456477239497,0.0233161801539232,0.0525425351932837,0.1087008280204227,0.0307419185920277,0.0723853966511117,4.3265694630727294e-05,3.752204420096807e-05,0.0168356431959817
2018-09-16.tif,2018-09-shm,2018,9,Shm,1,2018-09-16,2018-09-30,0.0169420450350682,0.0350966807214369,0.000672456632246,0.0006638846737481,0.063456477239497,0.0233161801539232,0.0525425351932837,0.1087008280204227,0.0307419185920277,0.0859456491902278,4.3265694630727294e-05,3.752204420096807e-05,0.0211143149474467
2018-10-01.tif,2018-10-mid,2018,10,Mid,0,2018-10-01,2018-10-15,0.0123787375415282,0.0258233185355796,0.0006658080497237,0.0006571103403425,0.0351480001299671,0.017874220137529,0.0462859514157116,0.0911616094812306,0.0239600495548999,0.0859456491902278,4.3265694630727294e-05,3.752204420096807e-05,0.0211143149474467
2018-10-16.tif,2018-10-shm,2018,10,Shm,1,2018-10-16,2018-10-31,0.0117009966777408,0.0240045569651602,0.0006591594672015,0.0006503360069369,0.0260827890957533,0.01614372239173,0.0296230089060554,0.0643633766302478,0.0239600495548999,0.0673620642327751,4.3265694630727294e-05,3.752204420096807e-05,0.0211143149474467
2018-11-01.tif,2018-11-mid,2018,11,Mid,0,2018-11-01,2018-11-15,0.0117009966777408,0.0240045569651602,0.0006525108846793,0.0006435616735313,0.0260827890957533,0.01614372239173,0.0277077281578191,0.0643633766302478,0.0374343844591746,0.0673620642327751,4.3265694630727294e-05,3.752204420096807e-05,0.0454841410101385
2018-11-16.tif,2018-11-shm,2018,11,Shm,1,2018-11-16,2018-11-30,0.0117009966777408,0.0240045569651602,0.0006458623021571,0.0006367873401257,0.0260827890957533,0.0322475977958923,0.0155456954065183,0.0643633766302478,0.0374343844591746,0.0695397566108518,4.3265694630727294e-05,3.752204420096807e-05,0.0454841410101385
2018-12-01.tif,2018-12-mid,2018,12,Mid,0,2018-12-01,2018-12-15,0.0116013289036544,0.023895818241482,0.0006392137196349,0.0006300130067201,0.0251908893004516,0.0322475977958923,0.0090975835541226,0.0634242480357662,0.0351609895653728,0.0695397566108518,4.3265694630727294e-05,3.752204420096807e-05,0.0252069574923262
2018-12-16.tif,2018-12-shm,2018,12,Shm,1,2018-12-16,2018-12-31,0.0115016611295681,0.0237870795178037,0.0006325651371127,0.0006232386733145,0.0242989895051499,0.0284507491233662,0.0044051457209435,0.0624851194412846,0.032887594671571,0.0614511849208527,4.3265694630727294e-05,3.752204420096807e-05,0.0163705701795181
2019-01-01.tif,2019-01-mid,2019,1,Mid,0,2019-01-01,2019-01-15,0.0114019933554817,0.0236783407941254,0.0006259165545905,0.0006164643399089,0.0234070897098482,0.0246539004508402,0.0042774603377278,0.0624851194412846,0.032887594671571,0.0533626132308536,4.3265694630727294e-05,3.752204420096807e-05,0.0112547669984187
2019-01-16.tif,2019-01-shm,2019,1,Shm,1,2019-01-16,2019-01-31,0.0113023255813953,0.0235696020704472,0.0006192679720683,0.0006096900065033,0.0225151899145465,0.0208570517783141,0.0042774603377278,0.0624851194412846,0.032887594671571,0.0415042547351084,4.3265694630727294e-05,3.752204420096807e-05,0.0043716863547576
2019-02-01.tif,2019-02-mid,2019,2,Mid,0,2019-02-01,2019-02-15,0.0062170542635658,0.0130084019045142,0.0006126193895461,0.0006029156730977,0.0216232901192448,0.0145953823033835,0.0042327704536023,0.0613740377238697,0.0211630075226381,0.0262146582486961,4.3265694630727294e-05,3.752204420096807e-05,0.0005580876197563
2019-02-16.tif,2019-02-shm,2019,2,Shm,1,2019-02-16,2019-02-28,0.006188261351052,0.0129635133210741,0.0006059708070239,0.0005961413396921,0.0216232901192448,0.0139806002094813,0.0041880805694768,0.0613740377238697,0.0186724906445968,0.0231951688169091,4.3265694630727294e-05,3.752204420096807e-05,0.0003720584131708
2019-03-01.tif,2019-03-mid,2019,3,Mid,0,2019-03-01,2019-03-15,0.0058464377999261,0.012248391750407,0.0005993222245017,0.0005961413396921,0.0216232901192448,0.0123639509995901,0.0041433906853512,0.0578556122853892,0.0129379158843889,0.0197913807301674,4.3265694630727294e-05,3.752204420096807e-05,0.0003720584131708
2019-03-16.tif,2019-03-shm,2019,3,Shm,1,2019-03-16,2019-03-31,0.0037142857142857,0.00778739528577,0.0005993222245017,0.0004335573379579,0.0163839880430191,0.0068536818616512,0.0040987008012257,0.0348668024655432,0.0069989910213673,0.0169914905297831,4.3265694630727294e-05,3.752204420096807e-05,0.0002790438098781
2019-04-01.tif,2019-04-mid,2019,4,Mid,0,2019-04-01,2019-04-15,0.0030933923957179,0.0064840784838184,0.0012309375641113,0.0004320519305344,0.0160671930337589,0.0060567421102964,0.0040540109171002,0.0316129202931139,0.0034867236292578,0.0096623661817183,4.3265694630727294e-05,3.752204420096807e-05,0.0001860292065854
2019-04-16.tif,2019-04-shm,2019,4,Shm,1,2019-04-16,2019-04-30,0.0021771871539313,0.0045647045712056,0.0023706945679181,0.000430546523111,0.0103323910712545,0.0042123958285896,0.0003830561496472,0.0233856247189227,0.0020179572652847,0.0057644798243206,4.3265694630727294e-05,3.752204420096807e-05,0.0001860292065854
2019-05-01.tif,2019-05-mid,2019,5,Mid,0,2019-05-01,2019-05-15,0.0021771871539313,0.0045647045712056,0.0026670313889078,0.0004290411156875,0.0103323910712545,0.0042123958285896,0.0003830561496472,0.0172746752731409,0.0020179572652847,0.0018940433708482,4.3265694630727294e-05,3.752204420096807e-05,0.0001860292065854
2019-05-16.tif,2019-05-shm,2019,5,Shm,1,2019-05-16,2019-05-31,0.002672572905131,0.0055986898725164,0.0090040803300736,0.000427535708264,0.0117214153426259,0.0042123958285896,0.0012130111405496,0.0172746752731409,0.0030780234236305,0.0018940433708482,4.3265694630727294e-05,3.752204420096807e-05,0.0004650730164635
2019-06-01.tif,2019-06-mid,2019,6,Mid,0,2019-06-01,2019-06-15,0.0088084163898117,0.0184615908513971,0.0109872575166974,0.0004260303008406,0.056373265750398,0.0068309121544696,0.0241325374277779,0.0225919949207692,0.011022133670511,0.0149601976393082,4.3265694630727294e-05,3.752204420096807e-05,0.0018602920658543
2019-06-16.tif,2019-06-shm,2019,6,Shm,1,2019-06-16,2019-06-30,0.0153960871170173,0.0322671520825206,0.0159110077731427,0.0004245248934171,0.1112925236377814,0.0205838152921353,0.0241325374277779,0.0486230523002036,0.011022133670511,0.0186933845731539,4.3265694630727294e-05,3.752204420096807e-05,0.0026974234954887
2019-07-01.tif,2019-07-mid,2019,7,Mid,0,2019-07-01,2019-07-15,0.0153960871170173,0.0322671520825206,0.0159110077731427,0.0004230194859936,0.1112925236377814,0.0206065849993169,0.0284738404571136,0.0486230523002036,0.0154667484067077,0.0186933845731539,4.3265694630727294e-05,3.752204420096807e-05,0.0059529346107338
2019-07-16.tif,2019-07-shm,2019,7,Shm,1,2019-07-16,2019-07-31,0.0167227759320782,0.0350069035545566,0.0159110077731427,0.0004215140785702,0.1142574000064983,0.0221093856733002,0.0326236154116257,0.0486230523002036,0.0204605540442162,0.0256931100741147,4.3265694630727294e-05,3.752204420096807e-05,0.0113477816017114
2019-08-01.tif,2019-08-mid,2019,8,Mid,0,2019-08-01,2019-08-15,0.0272868217054263,0.0569434899170954,0.0172787161777109,0.0004200086711467,0.1614679793352178,0.0319458991757366,0.0452325470041816,0.0917171503399381,0.0380474347676156,0.0755421356025253,4.3265694630727294e-05,3.752204420096807e-05,0.0419495860850153
2019-08-16.tif,2019-08-shm,2019,8,Shm,1,2019-08-16,2019-08-31,0.0292277593207825,0.0610964578264019,0.0172787161777109,0.0004185032637232,0.1614679793352178,0.0357712099822396,0.0524467711558719,0.1195471019285204,0.0417895960253905,0.1153170463903376,4.3265694630727294e-05,3.752204420096807e-05,0.0461352432331876
2019-09-01.tif,2019-09-mid,2019,9,Mid,0,2019-09-01,2019-09-15,0.0292277593207825,0.0610964578264019,0.0160477786135995,0.0004169978562998,0.148203203691068,0.0357712099822396,0.0524467711558719,0.1310811883283511,0.0417895960253905,0.1386494647268734,4.3265694630727294e-05,3.752204420096807e-05,0.0497628127616035
2019-09-16.tif,2019-09-shm,2019,9,Shm,1,2019-09-16,2019-09-30,0.0290749354005167,0.0608936852598275,0.0106681255556315,0.0004154924488763,0.1373103291418916,0.0357712099822396,0.0524467711558719,0.1335943493558371,0.0417895960253905,0.1583310458413395,4.3265694630727294e-05,3.752204420096807e-05,0.0518091340340433
2019-10-01.tif,2019-10-mid,2019,10,Mid,0,2019-10-01,2019-10-15,0.0263381321520856,0.0549854189497928,0.0106681255556315,0.0004139870414528,0.1129496052246807,0.0156427888337356,0.0421680978070035,0.1335943493558371,0.0417895960253905,0.1583310458413395,4.3265694630727294e-05,3.752204420096807e-05,0.0518091340340433
2019-10-16.tif,2019-10-shm,2019,10,Shm,1,2019-10-16,2019-10-31,0.0242296050203026,0.0506498009423506,0.0127196881624837,0.0004124816340294,0.1065812132436559,0.0156427888337356,0.0401570530213553,0.1313192772677971,0.0673972182842254,0.1583310458413395,4.3265694630727294e-05,3.752204420096807e-05,0.0473444330759929
2019-11-01.tif,2019-11-mid,2019,11,Mid,0,2019-11-01,2019-11-15,0.0231435954226651,0.0483372649540898,0.0127196881624837,0.0004109762266059,0.0861519966208532,0.0265722482808871,0.0401570530213553,0.1126954313377952,0.0691852816838448,0.1311281910513313,4.3265694630727294e-05,3.752204420096807e-05,0.0356245930611105
2019-11-16.tif,2019-11-shm,2019,11,Shm,1,2019-11-16,2019-11-30,0.0204208194905869,0.0423098117156107,0.0081834552873327,0.0004094708191825,0.0628635019657536,0.0265722482808871,0.0384013790021387,0.1088066453268432,0.0774359170849457,0.1038704364534724,4.3265694630727294e-05,3.752204420096807e-05,0.0254860013022044
2019-12-01.tif,2019-12-mid,2019,12,Mid,0,2019-12-01,2019-12-15,0.0181373200442967,0.0374788714081393,0.007066493423602,0.000407965411759,0.0471293498391656,0.0257563337735476,0.0203658186229131,0.1024311526150101,0.0774359170849457,0.0821575624485314,4.3265694630727294e-05,3.752204420096807e-05,0.018044833038787
2019-12-16.tif,2019-12-shm,2019,12,Shm,1,2019-12-16,2019-12-31,0.0144466592838685,0.0302487137099021,0.0063188128291048,0.0004064600043355,0.0346931149884654,0.0244622554153953,0.0081080218342005,0.079653977408005,0.0762762302514783,0.0480647817732637,4.3265694630727294e-05,3.752204420096807e-05,0.0150683657334201
2020-01-01.tif,2020-01-mid,2020,1,Mid,0,2020-01-01,2020-01-15,0.0144466592838685,0.0302487137099021,0.0055711322346075,0.0004049545969121,0.0346931149884654,0.023168177057243,0.0070546174226705,0.079653977408005,0.0751165434180109,0.0461158385945649,4.3265694630727294e-05,3.752204420096807e-05,0.0133941028741512
2020-01-16.tif,2020-01-shm,2020,1,Shm,1,2020-01-16,2020-01-31,0.0138954103605266,0.0291032808910848,0.0048234516401103,0.0004034491894886,0.0314406862267277,0.0218740986990907,0.0064853534225002,0.0778484696172058,0.0739568565845434,0.0420258029096898,4.3265694630727294e-05,3.752204420096807e-05,0.0066040368337829
2020-02-01.tif,2020-02-mid,2020,2,Mid,0,2020-02-01,2020-02-15,0.0133441614371846,0.0279578480722675,0.004075771045613,0.0004019437820651,0.02818825746499,0.0205800203409384,0.00591608942233,0.0760429618264067,0.072797169751076,0.0419709031018391,4.3265694630727294e-05,3.752204420096807e-05,0.0057669054041484
2020-02-16.tif,2020-02-shm,2020,2,Shm,1,2020-02-16,2020-02-29,0.0127929125138427,0.0268124152534502,0.0033280904511158,0.0004004383746417,0.0249358287032524,0.0192859419827861,0.0053468254221597,0.0742374540356075,0.0716374829176085,0.0270930551743068,4.3265694630727294e-05,3.752204420096807e-05,0.0050227885778067
2020-03-01.tif,2020-03-mid,2020,3,Mid,0,2020-03-01,2020-03-15,0.0119453672942045,0.0250091325049067,0.0028265973694408,0.0003989329672182,0.0216833999415147,0.0145498428890204,0.0047775614219895,0.0724319462448083,0.0610368213341507,0.0269832555586055,4.3265694630727294e-05,3.752204420096807e-05,0.0020463212724397
2020-03-16.tif,2020-03-shm,2020,3,Shm,1,2020-03-16,2020-03-31,0.0061439645625692,0.0128752840363814,0.0014360938247965,0.0003974275597947,0.0184309711797771,0.0091078828726262,0.0042082974218193,0.0481204200947064,0.0330025416044037,0.0264617073840241,4.3265694630727294e-05,3.752204420096807e-05,0.0001860292065854
2020-04-01.tif,2020-04-mid,2020,4,Mid,0,2020-04-01,2020-04-15,0.0043543743078626,0.0091201218492858,0.0014360938247965,0.0003959221523713,0.017301881274978,0.0061705906462042,0.003639033421649,0.0315335573132985,0.0179444934033232,0.016332692835575,4.3265694630727294e-05,3.752204420096807e-05,9.301460329271696e-05
2020-04-16.tif,2020-04-shm,2020,4,Shm,1,2020-04-16,2020-04-30,0.0039091915836101,0.008196036183294,0.0014344885332418,0.0003944167449478,0.0166357994606361,0.0061705906462042,0.0035751907300411,0.0230152641464511,0.0139979820427347,0.0154268460060389,4.3265694630727294e-05,3.752204420096807e-05,9.301460329271696e-05
2020-05-01.tif,2020-05-mid,2020,5,Mid,0,2020-05-01,2020-05-15,0.0039091915836101,0.008196036183294,0.0014328832416872,0.0003929113375243,0.0166357994606361,0.0065804453754724,0.000478820187059,0.0220099997354567,0.0121332873545602,0.0100741147405984,4.3265694630727294e-05,3.752204420096807e-05,9.301460329271696e-05
2020-05-16.tif,2020-05-shm,2020,5,Shm,1,2020-05-16,2020-05-31,0.0039091915836101,0.008196036183294,0.0014312779501325,0.0003914059301009,0.0201530363583195,0.0096315861378022,0.000478820187059,0.0220099997354567,0.0121332873545602,0.0046390337633818,4.3265694630727294e-05,3.752204420096807e-05,0.0001860292065854
2020-06-01.tif,2020-06-mid,2020,6,Mid,0,2020-06-01,2020-06-15,0.0049641934293097,0.0104017683006111,0.0014296726585779,0.0003899005226774,0.0252136335575267,0.0117036294913247,0.000478820187059,0.0220099997354567,0.0121332873545602,0.0046390337633818,4.3265694630727294e-05,3.752204420096807e-05,0.0002790438098781
2020-06-16.tif,2020-06-shm,2020,6,Shm,1,2020-06-16,2020-06-30,0.0070771502399409,0.0148070410064949,0.0014280673670232,0.0003883951152539,0.0298924521558306,0.0283938248554123,0.000478820187059,0.051215576307505,0.012235462405967,0.0063958276146033,4.3265694630727294e-05,3.752204420096807e-05,0.0002790438098781
2020-07-01.tif,2020-07-mid,2020,7,Mid,0,2020-07-01,2020-07-15,0.008344776670358,0.0174910687197776,0.0014264620754686,0.0003868897078305,0.0363014588816323,0.0300560134796666,0.0006384269160787,0.0579878839184148,0.015096363845358,0.016250343123799,4.3265694630727294e-05,3.752204420096807e-05,0.001302204446098
2020-07-16.tif,2020-07-shm,2020,7,Shm,1,2020-07-16,2020-07-31,0.012281284606866,0.025515289980249,0.0014248567839139,0.000385384300407,0.055747798680833,0.0387995810373878,0.0021706515146678,0.080103700960292,0.015096363845358,0.0287674993137524,4.3265694630727294e-05,3.752204420096807e-05,0.0020463212724397
2020-08-01.tif,2020-08-mid,2020,8,Mid,0,2020-08-01,2020-08-15,0.0205574012550756,0.0427973946047018,0.0014232514923592,0.0003838788929835,0.0919111674302238,0.077895168268136,0.0091295048999265,0.1499166688711938,0.0296307649079785,0.0324183365358221,4.3265694630727294e-05,3.752204420096807e-05,0.0095805041391498
2020-08-16.tif,2020-08-shm,2020,8,Shm,1,2020-08-16,2020-08-31,0.0227449243263196,0.0474781903399768,0.0014216462008046,0.0003823734855601,0.1070279754362023,0.0826540370690833,0.0105340441152999,0.1661331710801301,0.0407933892741739,0.0427395004117485,4.3265694630727294e-05,3.752204420096807e-05,0.0153474095432982
2020-09-01.tif,2020-09-mid,2020,9,Mid,0,2020-09-01,2020-09-15,0.0317128091546696,0.0658623870819944,0.0014200409092499,0.0003808680781366,0.1168404977743119,0.1144633180017305,0.0473074344814377,0.1848099256633422,0.0541655491270419,0.1367279714520999,4.3265694630727294e-05,3.752204420096807e-05,0.0153474095432982
2020-09-16.tif,2020-09-shm,2020,9,Shm,1,2020-09-16,2020-09-30,0.0339401993355481,0.0706283163375869,0.0014184356176953,0.0003793626707132,0.1430694999512623,0.1242770617969852,0.0597567593449739,0.1848099256633422,0.0560302438152164,0.1473785341751304,4.3265694630727294e-05,3.752204420096807e-05,0.0153474095432982
2020-10-01.tif,2020-10-mid,2020,10,Mid,0,2020-10-01,2020-10-15,0.0339401993355481,0.0706283163375869,0.0014168303261406,0.0003778572632897,0.1430694999512623,0.1242770617969852,0.0665879273470169,0.1848099256633422,0.0560302438152164,0.178287125995059,4.3265694630727294e-05,3.752204420096807e-05,0.0130220444609803
2020-10-16.tif,2020-10-shm,2020,10,Shm,1,2020-10-16,2020-10-31,0.0318471760797342,0.0666905040523555,0.001415225034586,0.0003763518558662,0.1298778308477109,0.1140079238580991,0.0665879273470169,0.1784344329515092,0.0683167937468868,0.178287125995059,4.3265694630727294e-05,3.752204420096807e-05,0.0093014603292716
2020-11-01.tif,2020-11-mid,2020,11,Mid,0,2020-11-01,2020-11-15,0.0317009966777408,0.0664072416120264,0.0014136197430313,0.0003748464484428,0.118660038340319,0.1075185573113529,0.0648641746736042,0.1742281950212957,0.0691469660395672,0.178287125995059,4.3265694630727294e-05,3.752204420096807e-05,0.0093014603292716
2020-11-16.tif,2020-11-shm,2020,11,Shm,1,2020-11-16,2020-11-30,0.0308468069398301,0.0645126338144151,0.0014120144514766,0.0003733410410193,0.1046317054943626,0.0777357803178651,0.0594694672327385,0.1695986878654004,0.0862421293280713,0.1782596760911337,4.3265694630727294e-05,3.752204420096807e-05,0.0097432796949121
2020-12-01.tif,2020-12-mid,2020,12,Mid,0,2020-12-01,2020-12-15,0.0277947582133628,0.0580455820346601,0.001410409159922,0.0003718356335958,0.1046317054943626,0.0634364042078418,0.0391355699556293,0.148355863601492,0.0862421293280713,0.1583584957452649,4.3265694630727294e-05,3.752204420096807e-05,0.0097432796949121
2020-12-16.tif,2020-12-shm,2020,12,Shm,1,2020-12-16,2020-12-31,0.0277947582133628,0.0580455820346601,0.0014088038683673,0.0003703302261724,0.1009487604379894,0.0461997358713967,0.0146199763782041,0.1339118012750985,0.0823786351967508,0.1181169365907219,4.3265694630727294e-05,3.752204420096807e-05,0.0087898800111617
2021-01-01.tif,2021-01-mid,2021,1,Mid,0,2021-01-01,2021-01-15,0.0255,0.0532196723442985,0.0014071985768127,0.0003688248187489,0.0972658153816161,0.0461997358713967,0.0113320777603983,0.1253405994550408,0.0785151410654303,0.0936316222893219,4.3265694630727294e-05,3.752204420096807e-05,0.0078364803274114
2021-01-16.tif,2021-01-shm,2021,1,Shm,1,2021-01-16,2021-01-31,0.0232052417866371,0.0483937626539368,0.001405593285258,0.0003673194113254,0.0935828703252428,0.0451523293410446,0.0055223928240814,0.1253405994550408,0.0746516469341098,0.0690365083722207,4.3265694630727294e-05,3.752204420096807e-05,0.006883080643661
2021-02-01.tif,2021-02-mid,2021,2,Mid,0,2021-02-01,2021-02-15,0.0209104835732742,0.0435678529635752,0.0014039879937034,0.000365814003902,0.0898999252688696,0.0441049228106926,0.004149774954512,0.1109494457818576,0.0707881528027893,0.0487784792753225,4.3265694630727294e-05,3.752204420096807e-05,0.0043716863547576
2021-02-16.tif,2021-02-shm,2021,2,Shm,1,2021-02-16,2021-02-28,0.0186157253599114,0.0387419432732135,0.0014023827021487,0.0003643085964785,0.0862169802124963,0.0430575162803406,0.004149774954512,0.1003015793232983,0.0669246586714688,0.0473236343672797,4.3265694630727294e-05,3.752204420096807e-05,0.0015812482559761
2021-03-01.tif,2021-03-mid,2021,3,Mid,0,2021-03-01,2021-03-15,0.0164747139165743,0.0343970379726458,0.001400777410594,0.000362803189055,0.0850878903076973,0.0328794571701807,0.003096370542982,0.089653712864739,0.0629398316666028,0.0295360966236618,4.3265694630727294e-05,3.752204420096807e-05,0.0012091898428053
2021-03-16.tif,2021-03-shm,2021,3,Shm,1,2021-03-16,2021-03-31,0.0079372462163159,0.0166397335166025,0.0013991721190394,0.0003612977816316,0.0361877375962569,0.0186256204745206,0.0024260222810993,0.0657919102669241,0.0381112941747448,0.0216030743892396,4.3265694630727294e-05,3.752204420096807e-05,0.0002790438098781
2021-04-01.tif,2021-04-mid,2021,4,Mid,0,2021-04-01,2021-04-15,0.0078730158730158,0.0164911368265938,0.0013975668274847,0.0003597923742081,0.0335965168794879,0.0150052370326517,0.0017556740192166,0.0572207084468664,0.0280470516111728,0.0166620916826791,4.3265694630727294e-05,3.752204420096807e-05,0.0001860292065854
2021-04-16.tif,2021-04-shm,2021,4,Shm,1,2021-04-16,2021-04-30,0.0068475452196382,0.0143380327036548,0.0013959615359301,0.0003582869667846,0.0335562477921133,0.0147955659790215,0.0017556740192166,0.0474590619295785,0.0208947980126952,0.0138073016744441,4.3265694630727294e-05,3.752204420096807e-05,0.0001860292065854
2021-05-01.tif,2021-05-mid,2021,5,Mid,0,2021-05-01,2021-05-15,0.0068475452196382,0.0143380327036548,0.0013943562443754,0.0003567815593612,0.0335159787047387,0.0145858949253912,0.0007661122992945,0.0474590619295785,0.0173825306205857,0.0120230579192972,4.3265694630727294e-05,3.752204420096807e-05,9.301460329271696e-05
2021-05-16.tif,2021-05-shm,2021,5,Shm,1,2021-05-16,2021-05-31,0.0068475452196382,0.0143380327036548,0.0013927509528208,0.0003552761519377,0.0334757096173641,0.014376223871761,0.0007022696076866,0.0474590619295785,0.0170760054663652,0.0120230579192972,4.3265694630727294e-05,3.752204420096807e-05,0.0
2021-06-01.tif,2021-06-mid,2021,6,Mid,0,2021-06-01,2021-06-15,0.0065714285714285,0.0137653162942462,0.0013911456612661,0.0003537707445142,0.0334354405299895,0.0141665528181307,0.0007022696076866,0.0462421629057432,0.0122226905245411,0.0120230579192972,4.3265694630727294e-05,3.752204420096807e-05,9.301460329271696e-05
2021-06-16.tif,2021-06-shm,2021,6,Shm,1,2021-06-16,2021-06-30,0.0065714285714285,0.0137653162942462,0.0013895403697114,0.0003522653370908,0.0333951714426149,0.0139568817645005,0.0027133143933348,0.0462421629057432,0.0122226905245411,0.0139994510019214,4.3265694630727294e-05,3.752204420096807e-05,9.301460329271696e-05
2021-07-01.tif,2021-07-mid,2021,7,Mid,0,2021-07-01,2021-07-15,0.0122325581395348,0.0254998111583731,0.0013879350781568,0.0003507599296673,0.0333549023552404,0.0137472107108702,0.0143007629201647,0.0881193619216422,0.0159393080194643,0.0306340927806752,4.3265694630727294e-05,3.752204420096807e-05,0.0004650730164635
2021-07-16.tif,2021-07-shm,2021,7,Shm,1,2021-07-16,2021-07-31,0.0153842746400885,0.0321758270334528,0.0013863297866021,0.0003492545222439,0.0333146332678658,0.01353753965724,0.0305806492801736,0.1281712124017883,0.017957265284749,0.0708756519352182,4.3265694630727294e-05,3.752204420096807e-05,0.0033485257185378
2021-08-01.tif,2021-08-mid,2021,8,Mid,0,2021-08-01,2021-08-15,0.0286164636397194,0.0595702459894372,0.0013847244950475,0.0003477491148204,0.0332743641804912,0.0133278686036097,0.061320905289367,0.2095976296923361,0.052070960573202,0.1571781498764754,4.3265694630727294e-05,3.752204420096807e-05,0.006883080643661
2021-08-16.tif,2021-08-shm,2021,8,Shm,1,2021-08-16,2021-08-31,0.0286164636397194,0.0595702459894372,0.0013831192034928,0.0003462437073969,0.0332340950931166,0.0131181975499795,0.0727168257413732,0.2095976296923361,0.052070960573202,0.1571781498764754,4.3265694630727294e-05,3.752204420096807e-05,0.006883080643661
2021-09-01.tif,2021-09-mid,2021,9,Mid,0,2021-09-01,2021-09-15,0.0317386489479512,0.0661998253988892,0.0013815139119382,0.0003447382999735,0.033193826005742,0.0129085264963492,0.089603217671657,0.2452316076294278,0.0571669412621173,0.1703815536645621,4.3265694630727294e-05,3.752204420096807e-05,0.00753418286671
2021-09-16.tif,2021-09-shm,2021,9,Shm,1,2021-09-16,2021-09-30,0.0361653746770025,0.0755505816941261,0.0013799086203835,0.00034323289255,0.0331535569183674,0.012698855442719,0.089603217671657,0.2613952011851538,0.0812802533941274,0.2449354927257754,4.3265694630727294e-05,3.752204420096807e-05,0.00753418286671
2021-10-01.tif,2021-10-mid,2021,10,Mid,0,2021-10-01,2021-10-15,0.0361653746770025,0.0755505816941261,0.0013783033288288,0.0003417274851265,0.0331132878309928,0.0124891843890887,0.089603217671657,0.2831935663077696,0.0890711010638977,0.2449354927257754,4.3265694630727294e-05,3.752204420096807e-05,0.00753418286671
2021-10-16.tif,2021-10-shm,2021,10,Shm,1,2021-10-16,2021-10-31,0.0340265780730897,0.0712799747385626,0.0013766980372742,0.0003402220777031,0.0330730187436182,0.0122795133354585,0.0672582756088996,0.2831935663077696,0.104320727486366,0.2091408180071369,4.3265694630727294e-05,3.752204420096807e-05,0.00753418286671
2021-11-01.tif,2021-11-mid,2021,11,Mid,0,2021-11-01,2021-11-15,0.0311915836101882,0.0649862857638179,0.0013750927457195,0.0003387166702796,0.0330327496562437,0.0120698422818282,0.048711973696811,0.2798867754821301,0.1049337777948069,0.1503431237990667,4.3265694630727294e-05,3.752204420096807e-05,0.0164635847828109
2021-11-16.tif,2021-11-shm,2021,11,Shm,1,2021-11-16,2021-11-30,0.0311915836101882,0.0649862857638179,0.0013734874541649,0.0003372112628561,0.0329924805688691,0.011860171228198,0.0435087943307689,0.2790402370307663,0.1135547977572576,0.1187482843810046,4.3265694630727294e-05,3.752204420096807e-05,0.0529253092735559
2021-12-01.tif,2021-12-mid,2021,12,Mid,0,2021-12-01,2021-12-15,0.0304741232927279,0.0635554234696088,0.0013718821626102,0.0003357058554327,0.0329522114814945,0.0116505001745677,0.0184824592204807,0.2368984947488161,0.1135547977572576,0.0901729343947296,4.3265694630727294e-05,3.752204420096807e-05,0.0529253092735559
2021-12-16.tif,2021-12-shm,2021,12,Shm,1,2021-12-16,2021-12-31,0.0297566629752676,0.0621245611753998,0.0013702768710555,0.0003342004480092,0.0329119423941199,0.0114408291209375,0.0094487183579659,0.2368984947488161,0.1118816812904709,0.075349986275048,4.3265694630727294e-05,3.752204420096807e-05,0.0362756952841596
2022-01-01.tif,2022-01-mid,2022,1,Mid,0,2022-01-01,2022-01-15,0.0290392026578073,0.0606936988811907,0.0013686715795009,0.0003326950405857,0.0328716733067453,0.0112311580673072,0.0075653589555335,0.2327557472024549,0.1082416950841028,0.0735931924238265,4.3265694630727294e-05,3.752204420096807e-05,0.0181378476420798
2022-01-16.tif,2022-01-shm,2022,1,Shm,1,2022-01-16,2022-01-31,0.0283217423403469,0.0592628365869816,0.0013670662879462,0.0003311896331623,0.0328314042193707,0.011021487013677,0.0066077185814153,0.2286129996560937,0.1082416950841028,0.0577271479549821,4.3265694630727294e-05,3.752204420096807e-05,0.0050227885778067
2022-02-01.tif,2022-02-mid,2022,2,Mid,0,2022-02-01,2022-02-15,0.0276042820228866,0.0578319742927726,0.0013654609963916,0.0003296842257388,0.0327911351319961,0.0108118159600467,0.0066077185814153,0.2244702521097325,0.0857120962488984,0.0577271479549821,4.3265694630727294e-05,3.752204420096807e-05,0.0030694819086596
2022-02-16.tif,2022-02-shm,2022,2,Shm,1,2022-02-16,2022-02-28,0.0245256552233296,0.0513184860473899,0.0013638557048369,0.0003281788183153,0.0327508660446216,0.0106021449064165,0.0058655472914738,0.2203275045633713,0.0723654801588822,0.0549272577545978,4.3265694630727294e-05,3.752204420096807e-05,0.0027904380987815
2022-03-01.tif,2022-03-mid,2022,3,Mid,0,2022-03-01,2022-03-15,0.019172388335179,0.0401659948857972,0.0013622504132823,0.0003266734108919,0.032710596957247,0.0103924738527862,0.0051233760015322,0.2161847570170101,0.0685211438497005,0.0442217952237167,4.3265694630727294e-05,3.752204420096807e-05,0.0014882336526834
2022-03-16.tif,2022-03-shm,2022,3,Shm,1,2022-03-16,2022-03-31,0.0161432262827611,0.0338289652097999,0.0013606451217276,0.0003251680034684,0.0326703278698724,0.010182802799156,0.0043812047115906,0.1877728102431152,0.0542804960598745,0.0296184463354378,4.3265694630727294e-05,3.752204420096807e-05,0.0
2022-04-01.tif,2022-04-mid,2022,4,Mid,0,2022-04-01,2022-04-15,0.0104023624953857,0.0218096600231563,0.0013590398301729,0.0003237664172466,0.0326300587824978,0.0099731317455257,0.003639033421649,0.1440173540382529,0.0257097973102417,0.0182816360142739,4.3265694630727294e-05,3.752204420096807e-05,0.0
2022-04-16.tif,2022-04-shm,2022,4,Shm,1,2022-04-16,2022-04-30,0.0096537467700258,0.0202230807808756,0.0013574345386183,0.0003223648310247,0.0325897896951232,0.0099731317455257,0.0006703482618827,0.1279595777889473,0.0187491219331519,0.009552566566017,4.3265694630727294e-05,3.752204420096807e-05,0.0
2022-05-01.tif,2022-05-mid,2022,5,Mid,0,2022-05-01,2022-05-15,0.0096537467700258,0.0202230807808756,0.0013558292470636,0.0003209632448029,0.0325495206077486,0.0102463682317045,0.0002553707664315,0.1279595777889473,0.0178678621147681,0.0085918199286302,4.3265694630727294e-05,3.752204420096807e-05,0.0
2022-05-16.tif,2022-05-shm,2022,5,Shm,1,2022-05-16,2022-05-31,0.0096537467700258,0.0202230807808756,0.001354223955509,0.000319561658581,0.032509251520374,0.0118630174415957,0.0002553707664315,0.1286473902806804,0.0161181143594262,0.0080153719461981,4.3265694630727294e-05,3.752204420096807e-05,0.0
2022-06-01.tif,2022-06-mid,2022,6,Mid,0,2022-06-01,2022-06-15,0.0097416020671834,0.0204196618186996,0.0013526186639543,0.0003181600723592,0.0324689824329995,0.0133202787012159,0.0002553707664315,0.1286473902806804,0.0161181143594262,0.0080153719461981,4.3265694630727294e-05,3.752204420096807e-05,0.0004650730164635
2022-06-16.tif,2022-06-shm,2022,6,Shm,1,2022-06-16,2022-06-30,0.0099712070874861,0.0208221111874732,0.0013510133723997,0.0003167584861373,0.0324287133456249,0.0140944487453891,0.0005426628786669,0.128779661913706,0.0181488435061368,0.0080153719461981,4.3265694630727294e-05,3.752204420096807e-05,0.0015812482559761
2022-07-01.tif,2022-07-mid,2022,7,Mid,0,2022-07-01,2022-07-15,0.0127567368032484,0.0266019032759378,0.001349408080845,0.0003153568999155,0.0323884442582503,0.0176465230657133,0.0011172471031378,0.1372715007539483,0.0238323307406414,0.0088114191600329,4.3265694630727294e-05,3.752204420096807e-05,0.0016742628592689
2022-07-16.tif,2022-07-shm,2022,7,Shm,1,2022-07-16,2022-07-31,0.0153097083794758,0.0319033997684368,0.0013478027892903,0.0003139553136936,0.0323481751708757,0.0194680996402386,0.0076611229929453,0.1631967408269622,0.0325810695173506,0.0291792478726324,4.3265694630727294e-05,3.752204420096807e-05,0.0027904380987815
2022-08-01.tif,2022-08-mid,2022,8,Mid,0,2022-08-01,2022-08-15,0.017626430417128,0.0367018345499687,0.0013461974977357,0.0003125537274718,0.0323079060835011,0.0209481306070403,0.0252178631851118,0.1918996851935134,0.0352759364982055,0.0515509195717815,4.3265694630727294e-05,3.752204420096807e-05,0.0078132266765882
2022-08-16.tif,2022-08-shm,2022,8,Shm,1,2022-08-16,2022-08-31,0.0369486895533407,0.0764220393657398,0.001344592206181,0.0003111521412499,0.0322676369961265,0.0495696525342684,0.1322182143199157,0.2931933017645036,0.1003486723629257,0.2291792478726324,4.3265694630727294e-05,3.752204420096807e-05,0.0280904101944005
2022-09-01.tif,2022-09-mid,2022,9,Mid,0,2022-09-01,2022-09-15,0.0493968253968254,0.1027313929082229,0.0013429869146264,0.0003097505550281,0.0322273679087519,0.0880276879639327,0.1421138315191368,0.3666040580937012,0.1503761319079913,0.2702717540488608,4.3265694630727294e-05,3.752204420096807e-05,0.0865035810622267
2022-09-16.tif,2022-09-shm,2022,9,Shm,1,2022-09-16,2022-09-30,0.0512203765227021,0.1047002990508386,0.0013413816230717,0.0003083489688062,0.0321870988213773,0.1193815747529486,0.1635649758993839,0.3728472791725086,0.1516150044062991,0.2702717540488608,4.3265694630727294e-05,3.752204420096807e-05,0.1421263138312715
2022-10-01.tif,2022-10-mid,2022,10,Mid,0,2022-10-01,2022-10-15,0.0512203765227021,0.1047002990508386,0.0013397763315171,0.0003069473825844,0.0321468297340028,0.1193815747529486,0.1635649758993839,0.3728472791725086,0.1567493007394919,0.2702717540488608,4.3265694630727294e-05,3.752204420096807e-05,0.2223049018695935
2022-10-16.tif,2022-10-shm,2022,10,Shm,1,2022-10-16,2022-10-31,0.0452314507198228,0.09263920104513,0.0013381710399624,0.0003055457963626,0.0321065606466282,0.088801858008106,0.1264723720752067,0.3538795269966403,0.1567493007394919,0.2695031567389514,4.3265694630727294e-05,3.752204420096807e-05,0.2223049018695935
2022-11-01.tif,2022-11-mid,2022,11,Mid,0,2022-11-01,2022-11-15,0.0382340346991509,0.0793103875277844,0.0013365657484077,0.0003041442101407,0.0320662915592536,0.0532811148048636,0.0807929262297698,0.3515250919287849,0.1481410526584671,0.1998078506725226,4.3265694630727294e-05,3.752204420096807e-05,0.1944005208817784
2022-11-16.tif,2022-11-shm,2022,11,Shm,1,2022-11-16,2022-11-30,0.0381166482096714,0.0784822705574233,0.0013349604568531,0.0003027426239189,0.032026022471879,0.0502072043353522,0.0587671976250518,0.33107589746303,0.1441051381278976,0.1996157013450453,4.3265694630727294e-05,3.752204420096807e-05,0.1772858338759185
2022-12-01.tif,2022-12-mid,2022,12,Mid,0,2022-12-01,2022-12-15,0.0338316722037652,0.0705323476419562,0.0013333551652984,0.000301341037697,0.0319857533845044,0.037319550070586,0.0240048520445621,0.3157323880320626,0.1410526584671187,0.1410376063683777,4.3265694630727294e-05,3.752204420096807e-05,0.0612966235699004
2022-12-16.tif,2022-12-shm,2022,12,Shm,1,2022-12-16,2022-12-31,0.0338316722037652,0.0705323476419562,0.0013317498737438,0.0002999394514752,0.0319454842971298,0.037319550070586,0.0139496281163213,0.3157323880320626,0.1370806033436785,0.1354652758715344,4.3265694630727294e-05,3.752204420096807e-05,0.0432517905311133
2023-01-01.tif,2023-01-mid,2023,1,Mid,0,2023-01-01,2023-01-15,0.0313121693121693,0.0653825436038412,0.0013301445821891,0.0002985378652533,0.0319052152097552,0.0345112861848596,0.0052989434034538,0.3003183337301482,0.1370806033436785,0.1015371946198188,4.3265694630727294e-05,3.752204420096807e-05,0.0209282857408613
2023-01-16.tif,2023-01-shm,2023,1,Shm,1,2023-01-16,2023-01-31,0.0287926664205733,0.0602327395657261,0.0013285392906345,0.0002971362790315,0.0318649461223806,0.0317030222991332,0.0037347974590608,0.2849042794282338,0.1370806033436785,0.0859456491902278,4.3265694630727294e-05,3.752204420096807e-05,0.0166496139893963
2023-02-01.tif,2023-02-mid,2023,2,Mid,0,2023-02-01,2023-02-15,0.0262731635289774,0.0550829355276111,0.0013269339990798,0.0002957346928096,0.0318246770350061,0.0288947584134068,0.0037347974590608,0.2694902251263194,0.100067690971557,0.04408454570409,4.3265694630727294e-05,3.752204420096807e-05,0.0040926425448795
2023-02-16.tif,2023-02-shm,2023,2,Shm,1,2023-02-16,2023-02-28,0.0237069029162052,0.0497040449257326,0.0013253287075251,0.0002943331065878,0.0317844079476315,0.0271642606676078,0.0027771570849427,0.265310441522711,0.0991225717460439,0.0418885533900631,4.3265694630727294e-05,3.752204420096807e-05,0.0030694819086596
2023-03-01.tif,2023-03-mid,2023,3,Mid,0,2023-03-01,2023-03-15,0.0237069029162052,0.0497040449257326,0.0013237234159705,0.0002929315203659,0.0317441388602569,0.0271642606676078,0.0027771570849427,0.265310441522711,0.0703347510121716,0.0418885533900631,4.3265694630727294e-05,3.752204420096807e-05,0.0030694819086596
2023-03-16.tif,2023-03-shm,2023,3,Shm,1,2023-03-16,2023-03-31,0.0109597637504614,0.0229783110747874,0.0013221181244158,0.0002915299341441,0.0317038697728823,0.0103146773532492,0.0027771570849427,0.1827729425147483,0.0415469302782992,0.01959923140269,4.3265694630727294e-05,3.752204420096807e-05,0.0001860292065854
2023-04-01.tif,2023-04-mid,2023,4,Mid,0,2023-04-01,2023-04-15,0.0109125138427464,0.0228792466147816,0.0012537327041874,0.0002901283479222,0.0317038697728823,0.0099959014527073,0.0011810897947457,0.1816883151239385,0.0373066656449161,0.01959923140269,4.3265694630727294e-05,3.752204420096807e-05,9.301460329271696e-05
2023-04-16.tif,2023-04-shm,2023,4,Shm,1,2023-04-16,2023-04-30,0.0102753783684016,0.0215434242868906,0.0012537327041874,0.0002887267617004,0.0317038697728823,0.0099959014527073,0.0005745842244709,0.1662389883865506,0.0316359502918374,0.0140543508097721,4.3265694630727294e-05,3.752204420096807e-05,9.301460329271696e-05
2023-05-01.tif,2023-05-mid,2023,5,Mid,0,2023-05-01,2023-05-15,0.0082871908453303,0.0173734296735206,0.0021427431671567,0.0002873251754785,0.0269519446339799,0.0099959014527073,6.384269160787819e-05,0.1504986640565064,0.0217632859496532,0.009552566566017,4.3265694630727294e-05,3.752204420096807e-05,9.301460329271696e-05
2023-05-16.tif,2023-05-shm,2023,5,Shm,1,2023-05-16,2023-05-31,0.0082871908453303,0.0173734296735206,0.002689826528984,0.0002859235892567,0.0269519446339799,0.009904822623981,6.384269160787819e-05,0.1448374381630115,0.0217632859496532,0.009552566566017,8.653138926145459e-05,3.752204420096807e-05,0.0001860292065854
2023-06-01.tif,2023-06-mid,2023,6,Mid,0,2023-06-01,2023-06-15,0.0086629752676264,0.018162849589192,0.002689826528984,0.0002845220030349,0.0303229684504662,0.009904822623981,0.0005426628786669,0.1335943493558371,0.0238961901477706,0.009552566566017,0.0007355168087223,3.752204420096807e-05,0.0052088177843921
2023-06-16.tif,2023-06-shm,2023,6,Shm,1,2023-06-16,2023-06-30,0.008688815060908,0.0182170254657577,0.0029861633499737,0.0002845220030349,0.0313383370698898,0.010587913839428,0.0005426628786669,0.1335943493558371,0.0259141474130554,0.0095800164699423,0.00074633323238,3.752204420096807e-05,0.0052088177843921
2023-07-01.tif,2023-07-mid,2023,7,Mid,0,2023-07-01,2023-07-15,0.0116773717238833,0.024478208914563,0.0029861633499737,0.0004064600043355,0.0378448191831562,0.0200145726125962,0.0033517413094136,0.1789370651570064,0.0280725953740245,0.025885259401592,0.0008761303162722,3.752204420096807e-05,0.0012091898428053
2023-07-16.tif,2023-07-shm,2023,7,Shm,1,2023-07-16,2023-07-31,0.0150557401255075,0.031558222040604,0.0059267364197952,0.0008129200086711,0.0550898398154466,0.0342228698938931,0.0038944041880805,0.2028517764080315,0.0352376208539279,0.0351358770244304,0.0013736858045255,3.752204420096807e-05,0.0012091898428053
2023-08-01.tif,2023-08-mid,2023,8,Mid,0,2023-08-01,2023-08-15,0.0234632705795496,0.0488449703116196,0.0068385420228407,0.0011245393453284,0.0850472755629203,0.0418051823853545,0.0132792798544386,0.2541202613687469,0.062748253445215,0.0869063958276146,0.0040669752952883,3.752204420096807e-05,0.0031624965119523
2023-08-16.tif,2023-08-shm,2023,8,Shm,1,2023-08-16,2023-08-31,0.0234632705795496,0.0488449703116196,0.0069069274430691,0.004525254714936,0.0850472755629203,0.0418051823853545,0.025632840680563,0.2541202613687469,0.062748253445215,0.0891023881416415,0.0040669752952883,3.752204420096807e-05,0.0031624965119523
2023-09-01.tif,2023-09-mid,2023,9,Mid,0,2023-09-01,2023-09-15,0.0234632705795496,0.0488449703116196,0.0069069274430691,0.0050265553869499,0.0850472755629203,0.0418051823853545,0.0269735372043285,0.2529033623449115,0.0612922589626677,0.1058193796321712,0.0029420672348894,3.752204420096807e-05,0.0031624965119523
2023-09-16.tif,2023-09-shm,2023,9,Shm,1,2023-09-16,2023-09-30,0.0224193429309708,0.046902378166193,0.0054252433381203,0.0052162367223065,0.0756490236215355,0.0413270185345416,0.0269735372043285,0.2494113912330361,0.0529011328658824,0.1058193796321712,0.0029420672348894,3.752204420096807e-05,0.0028834527020742
2023-10-01.tif,2023-10-mid,2023,10,Mid,0,2023-10-01,2023-10-15,0.020704318936877,0.0433763025428608,0.0044906425949987,0.0083595274225016,0.0688501153458751,0.0352930461314267,0.0207488747725604,0.2370043120552366,0.0529011328658824,0.0964315124897062,0.0029420672348894,3.752204420096807e-05,0.001302204446098
2023-10-16.tif,2023-10-shm,2023,10,Shm,1,2023-10-16,2023-10-31,0.020704318936877,0.0433763025428608,0.0044906425949987,0.0083595274225016,0.0688501153458751,0.0352930461314267,0.0199189197816579,0.2364487711965291,0.0529011328658824,0.0940159209442767,0.0039804439060269,3.752204420096807e-05,0.001302204446098
2023-11-01.tif,2023-11-mid,2023,11,Mid,0,2023-11-01,2023-11-15,0.0217076411960132,0.0452832933979728,0.0051517016572066,0.0032787773683069,0.071230139389804,0.0407122364406393,0.0189932007533437,0.2274013914975794,0.0549446338940189,0.0940159209442767,0.0094427378531562,3.752204420096807e-05,0.0014882336526834
2023-11-16.tif,2023-11-shm,2023,11,Shm,1,2023-11-16,2023-11-30,0.0218254706533776,0.0457377516082495,0.0090086393580888,0.0032787773683069,0.0759414497839295,0.0484493829409353,0.015162639256871,0.2274013914975794,0.0550442545691405,0.0962187757342849,0.0094427378531562,3.752204420096807e-05,0.0025299972095619
2023-12-01.tif,2023-12-mid,2023,12,Mid,0,2023-12-01,2023-12-15,0.0218254706533776,0.0457377516082495,0.0090086393580888,0.0028361875858082,0.0759414497839295,0.0484493829409353,0.0131196731254189,0.2213221872437237,0.0550442545691405,0.0962187757342849,0.0063816899580322,3.752204420096807e-05,0.0025299972095619
2023-12-16.tif,2023-12-shm,2023,12,Shm,1,2023-12-16,2023-12-31,0.0215623477297895,0.0451876342787797,0.0084661150242768,0.0023935978033094,0.0730756733924684,0.0454392276515324,0.0131196731254189,0.215242982989868,0.0521169393463351,0.0933159483941806,0.0055920910310215,3.752204420096807e-05,0.0024555855269277
2024-01-01.tif,2024-01-mid,2024,1,Mid,0,2024-01-01,2024-01-15,0.0212992248062015,0.0446375169493099,0.0079235906904647,0.0019510080208107,0.0702098970010072,0.0424290723621294,0.0131196731254189,0.2091637787360122,0.0491896241235296,0.0904131210540763,0.002920434387574,3.752204420096807e-05,0.0023811738442935
2024-01-16.tif,2024-01-shm,2024,1,Shm,1,2024-01-16,2024-01-31,0.0210361018826135,0.0440873996198401,0.0073810663566527,0.001508418238312,0.067344120609546,0.0394189170727264,0.0099913812366329,0.2030845744821565,0.0462623089007241,0.087510293713972,0.002920434387574,3.752204420096807e-05,0.0023067621616593
2024-02-01.tif,2024-02-mid,2024,2,Mid,0,2024-02-01,2024-02-15,0.0207729789590254,0.0435372822903703,0.0068385420228407,0.0010658284558132,0.0644783442180849,0.0364087617833234,0.0099913812366329,0.1970053702283008,0.0433349936779186,0.0575898984353554,0.000951845281876,3.752204420096807e-05,0.0022323504790252
2024-02-16.tif,2024-02-shm,2024,2,Shm,1,2024-02-16,2024-02-29,0.0154425987449243,0.0323646686603389,0.0023706945679181,0.0006232386733145,0.0616125678266237,0.023430028689831,0.0099913812366329,0.1928255866246924,0.0433349936779186,0.034943727696953,0.0006273525721455,3.752204420096807e-05,0.0009301460329271
2024-03-01.tif,2024-03-mid,2024,3,Mid,0,2024-03-01,2024-03-15,0.0137460317460317,0.028818470568568,0.0019603820465476,0.0005419466724474,0.0513857750917893,0.0154834008834646,0.0085549206754556,0.177931800746012,0.0433349936779186,0.034943727696953,0.000302859862415,3.752204420096807e-05,0.0009301460329271
2024-03-16.tif,2024-03-shm,2024,3,Shm,1,2024-03-16,2024-03-31,0.0123691399040236,0.0259316702887109,0.0019603820465476,0.0005419466724474,0.0441482275725379,0.0148003096680176,0.0079803364509847,0.1736991084891934,0.0315210033590048,0.0265715069997255,0.0001730627785229,3.752204420096807e-05,0.0009301460329271
2024-04-01.tif,2024-04-mid,2024,4,Mid,0,2024-04-01,2024-04-15,0.0101439645625692,0.0212679012574994,0.0016982379356721,0.0004742033383915,0.0426536049647464,0.0127510360216767,0.0022025728604717,0.146318880452898,0.0181616153875627,0.0246225638210266,0.0001297970838921,3.752204420096807e-05,9.301460329271696e-05
2024-04-16.tif,2024-04-shm,2024,4,Shm,1,2024-04-16,2024-04-30,0.0085035068290882,0.0178285070366724,0.0014360938247965,0.0004064600043355,0.0350424017935471,0.0127510360216767,0.0019472020940402,0.1261871379064046,0.0118139903189138,0.0182267362064232,0.0001297970838921,3.752204420096807e-05,0.0
2024-05-01.tif,2024-05-mid,2024,5,Mid,0,2024-05-01,2024-05-15,0.0082340346991509,0.0172635300382017,0.0011739497139209,0.0003387166702796,0.0334015661045586,0.0127510360216767,0.0002234494206275,0.1182243855982645,0.0115457808089709,0.0173483392808125,0.0001297970838921,3.752204420096807e-05,0.0
2024-05-16.tif,2024-05-shm,2024,5,Shm,1,2024-05-16,2024-05-31,0.0038840900701365,0.0081403124245407,0.0009118056030454,0.0002709733362237,0.0309809273158527,0.0119085568559588,0.0,0.0199465622602576,0.0018136071624711,0.0,0.0,3.752204420096807e-05,0.0
2024-06-01.tif,2024-06-mid,2024,6,Mid,0,2024-06-01,2024-06-15,0.0038840900701365,0.0081403124245407,0.0009118056030454,0.0002709733362237,0.0309809273158527,0.0119085568559588,0.0,0.0199465622602576,0.0018136071624711,0.0,0.0,3.752204420096807e-05,0.0
2024-06-16.tif,2024-06-shm,2024,6,Shm,1,2024-06-16,2024-06-30,0.012453303802141,0.0261081288580963,0.0030773439102783,0.0007045306741816,0.0564707411378626,0.0236121863472835,0.0003511348038433,0.1442289886510938,0.0067052377485727,0.0439747460883886,0.000270410591442,0.0009380511050242,0.0
2024-07-01.tif,2024-07-mid,2024,7,Mid,0,2024-07-01,2024-07-15,0.012453303802141,0.0261081288580963,0.0030773439102783,0.0007045306741816,0.0564707411378626,0.0276424245184206,0.0013406965237654,0.1457104309409804,0.0067052377485727,0.0439747460883886,0.000270410591442,0.0009380511050242,0.0016742628592689
2024-07-16.tif,2024-07-shm,2024,7,Shm,1,2024-07-16,2024-07-31,0.012453303802141,0.0261081288580963,0.0030773439102783,0.0007045306741816,0.0564707411378626,0.0286670613415911,0.0018514380566284,0.1457104309409804,0.0067052377485727,0.0503980236069173,0.0007030675377493,0.0009380511050242,0.0016742628592689
2024-08-01.tif,2024-08-mid,2024,8,Mid,0,2024-08-01,2024-08-15,0.0125382059800664,0.0262876831918569,0.0041259203537805,0.0071672447431172,0.0564707411378626,0.0293729222642196,0.0247390429980528,0.1624031110288087,0.0074970943969756,0.131759538841614,0.0023363475100592,0.001150676022163,0.0085573435029299
2024-08-16.tif,2024-08-shm,2024,8,Shm,1,2024-08-16,2024-08-31,0.0280775193798449,0.058852028654395,0.0064282295014702,0.0071672447431172,0.1167755141826688,0.0557857825948358,0.0369010757493535,0.2470305018385757,0.0261440412787207,0.1493000274499039,0.0034504391468005,0.0024639475691969,0.0127430006511022
2024-09-01.tif,2024-09-mid,2024,9,Mid,0,2024-09-01,2024-09-15,0.0391111111111111,0.0819681012438781,0.0065650003419271,0.0071672447431172,0.1167755141826688,0.1048317318639282,0.1359530117789766,0.3038808497129706,0.0669246586714688,0.2592917924787263,0.0154783022541426,0.0054406964091403,0.0472514184727002
2024-09-16.tif,2024-09-shm,2024,9,Shm,1,2024-09-16,2024-09-30,0.0391111111111111,0.0819681012438781,0.0066561809022316,0.0027639280294818,0.1167755141826688,0.1048317318639282,0.1427522584352156,0.3038808497129706,0.0717013423247378,0.2819928630249794,0.0154783022541426,0.0054406964091403,0.0500418565714817
2024-10-01.tif,2024-10-mid,2024,10,Mid,0,2024-10-01,2024-10-15,0.0382414174972314,0.0801555312022091,0.0066561809022316,0.0024252113592022,0.1044854924131656,0.0941755089029555,0.1427522584352156,0.3038808497129706,0.0738725621671328,0.2917924787263244,0.0154783022541426,0.0056783360224131,0.0500418565714817
2024-10-16.tif,2024-10-shm,2024,10,Shm,1,2024-10-16,2024-10-31,0.0380590623846437,0.0797855873593749,0.0094827782716724,0.0024252113592022,0.0989700100724567,0.0941755089029555,0.1324416637405433,0.2973730853681119,0.0717013423247378,0.2917924787263244,0.0153268723229351,0.0092804522657061,0.0429727467212352
2024-11-01.tif,2024-11-mid,2024,11,Mid,0,2024-11-01,2024-11-15,0.0350232558139534,0.0734299830971265,0.0094827782716724,0.0024252113592022,0.0889706599083731,0.0941755089029555,0.1026271267596641,0.2910769556360942,0.0755584505153454,0.2679659621191326,0.0127525634924068,0.0092804522657061,0.0312529067063529
2024-11-16.tif,2024-11-shm,2024,11,Shm,1,2024-11-16,2024-11-30,0.0325662606127722,0.0682786311768238,0.0100389796895301,0.0025810210275308,0.0889706599083731,0.0713374925998451,0.0511379959779104,0.2508399248697124,0.0729231856478111,0.2178149876475432,0.0127525634924068,0.0039648293372356,0.0190679936750069
2024-12-01.tif,2024-12-mid,2024,12,Mid,0,2024-12-01,2024-12-15,0.0325662606127722,0.0682786311768238,0.0100389796895301,0.0025810210275308,0.0871023816486337,0.0696980736827724,0.0458709739202604,0.2360255019708473,0.0729231856478111,0.2074389239637661,0.0077121100679271,0.0039648293372356,0.0150683657334201
2024-12-16.tif,2024-12-shm,2024,12,Shm,1,2024-12-16,2024-12-31,0.0301842746400885,0.0632839249339054,0.0095921949440379,0.0023303706915239,0.0852341033888943,0.0668746299922583,0.018865515370128,0.2359038120684638,0.0702879207802768,0.1684326104858633,0.0053865789815255,0.003514564806824,0.0150683657334201
2025-01-01.tif,2025-01-mid,2025,1,Mid,0,2025-01-01,2025-01-15,0.0278022886674049,0.0582892186909869,0.0091454101985456,0.002079720355517,0.0833658251291548,0.0628671615283027,0.0109490216107511,0.2357821221660802,0.0676526559127425,0.1544606093878671,0.002887985116601,0.0030643002764123,0.0129290298576876
2025-01-16.tif,2025-01-shm,2025,1,Shm,1,2025-01-16,2025-01-31,0.0254203026947213,0.0532945124480685,0.0086986254530534,0.00182907001951,0.0814975468694154,0.0628671615283027,0.0080441791425926,0.2356604322636967,0.0650173910452082,0.1086192698325555,0.0027149223380781,0.0026140357460007,0.0093944749325644
2025-02-01.tif,2025-02-mid,2025,2,Mid,0,2025-02-01,2025-02-15,0.0230383167220376,0.0482998062051501,0.0082518407075611,0.0015784196835031,0.079629268609676,0.0628671615283027,0.006256583777572,0.2355387423613132,0.0623821261776739,0.0947570683502607,0.0020118548003288,0.0019386389503833,0.0058599200074411
2025-02-16.tif,2025-02-shm,2025,2,Shm,1,2025-02-16,2025-02-28,0.020656330749354,0.0433050999622316,0.0047641842759123,0.0013277693474962,0.0777609903499366,0.0457443417277653,0.0053627860950617,0.2354170524589296,0.0597468613101396,0.0545429590996431,0.0014818500411024,0.0008004702762873,0.0046507301646358
2025-03-01.tif,2025-03-mid,2025,3,Mid,0,2025-03-01,2025-03-15,0.0166762643041712,0.0349635628533041,0.0037839932526385,0.0010771190114892,0.0647805179192254,0.0297144678719431,0.0044689884125514,0.206608290785958,0.0458893699630892,0.0427669503156738,0.0008544974689568,0.0008004702762873,0.0018602920658543
2025-03-16.tif,2025-03-shm,2025,3,Shm,1,2025-03-16,2025-03-31,0.0140834256183093,0.0295274006104847,0.0035674394219152,0.0008264686754823,0.0575267245020632,0.0198779543695068,0.0035751907300411,0.1895717044522631,0.0259907787016105,0.0427669503156738,0.0002595941677843,0.0008004702762873,0.0004650730164635
2025-04-01.tif,2025-04-mid,2025,4,Mid,0,2025-04-01,2025-04-15,0.01281284606866,0.0268634953656407,0.0033508855911919,0.0008264686754823,0.0559914871494947,0.0193770208115123,0.0026813930475308,0.1718737599534404,0.0180977559804334,0.034696678561625,0.0001838792021805,0.0007879629282203,0.0001860292065854
2025-04-16.tif,2025-04-shm,2025,4,Shm,1,2025-04-16,2025-04-30,0.0099239571797711,0.0208066323655973,0.0033508855911919,0.0008264686754823,0.0481528414075446,0.0152101643972858,0.0017875953650205,0.1357106954842464,0.0115840964532485,0.0196266813066154,9.73478129191364e-05,0.0004752792265455,0.0001860292065854
2025-05-01.tif,2025-05-mid,2025,5,Mid,0,2025-05-01,2025-05-15,0.0094492432631967,0.0198082483546012,0.0033508855911919,0.0004742033383915,0.0453585469668908,0.0152101643972858,0.0001276853832157,0.132880082537499,0.0115840964532485,0.0141367005215481,9.73478129191364e-05,0.0004752792265455,0.0001860292065854
2025-05-16.tif,2025-05-shm,2025,5,Shm,1,2025-05-16,2025-05-31,0.0094492432631967,0.0198082483546012,0.0036016321320294,0.0002845220030349,0.0453585469668908,0.0152101643972858,0.0001276853832157,0.132880082537499,0.0113031150618797,0.0141367005215481,9.73478129191364e-05,0.0004752792265455,9.301460329271696e-05
2025-06-01.tif,2025-06-mid,2025,6,Mid,0,2025-06-01,2025-06-15,0.0113178294573643,0.023729033935769,0.003875173812943,0.0002845220030349,0.0534327582285472,0.0271187212532446,0.0003830561496472,0.1518742890399725,0.0110476774333627,0.0163601427395004,0.0004218405226495,0.0008129776243543,9.301460329271696e-05
2025-06-16.tif,2025-06-shm,2025,6,Shm,1,2025-06-16,2025-06-30,0.0116389811738648,0.0244023626873711,0.003875173812943,0.0002845220030349,0.0577785359196802,0.0271187212532446,0.0005426628786669,0.1518742890399725,0.0110476774333627,0.0169091408180071,0.0004867390645956,0.0008129776243543,9.301460329271696e-05
2025-07-01.tif,2025-07-mid,2025,7,Mid,0,2025-07-01,2025-07-15,0.0123573274270948,0.0259084520558971,0.003875173812943,0.0004742033383915,0.0593950027618026,0.0368869256341363,0.0045009097583554,0.1643871855241925,0.0110476774333627,0.0334888827889102,0.0005840868775148,0.0010005878453591,9.301460329271696e-05
2025-07-16.tif,2025-07-shm,2025,7,Shm,1,2025-07-16,2025-07-31,0.0258324104835732,0.0541542062150565,0.0078871184663429,0.0049588120528939,0.1095298437144621,0.064005646887381,0.0163437290516168,0.3120287823073464,0.0313932845447462,0.0780675267636563,0.0025743088305282,0.0025389916575988,0.0024183796856106
2025-08-01.tif,2025-08-mid,2025,8,Mid,0,2025-08-01,2025-08-15,0.0260863787375415,0.0546789382766498,0.0087533337892361,0.0053788207240407,0.1095298437144621,0.0645065804453754,0.0204935040061289,0.3120287823073464,0.0323384037702594,0.0797145209991765,0.0028663522692856,0.0025389916575988,0.0024183796856106
2025-08-16.tif,2025-08-shm,2025,8,Shm,1,2025-08-16,2025-08-31,0.0266400885935769,0.0558506850926562,0.0102806081743372,0.0073433774116626,0.112161679176008,0.0821986429254519,0.0247709643438567,0.3118171476945054,0.0348161487668748,0.1090310183914356,0.003331458486566,0.0023889034807949,0.003255511115245
2025-09-01.tif,2025-09-mid,2025,9,Mid,0,2025-09-01,2025-09-15,0.0314758213362864,0.0659707388351257,0.0087533337892361,0.0073433774116626,0.1122510316145173,0.086228881096589,0.0399974462923356,0.3118171476945054,0.053629130107156,0.1219873730441943,0.0038614632457924,0.0023889034807949,0.003255511115245
2025-09-16.tif,2025-09-shm,2025,9,Shm,1,2025-09-16,2025-09-30,0.0332838685861941,0.0697676938412863,0.0108504866762406,0.0073433774116626,0.1122510316145173,0.089166173323011,0.0518083442397931,0.3437739742334859,0.0772571107449838,0.1372495196266813,0.0054622939471293,0.0029642414918764,0.031531950516231
2025-10-01.tif,2025-10-mid,2025,10,Mid,0,2025-10-01,2025-10-15,0.0332838685861941,0.0697676938412863,0.0087533337892361,0.0055414047257749,0.1122510316145173,0.086228881096589,0.0585756695502282,0.3437739742334859,0.0772571107449838,0.14408454570409,0.0072470038506468,0.0044901379560491,0.031531950516231
2025-10-16.tif,2025-10-shm,2025,10,Shm,1,2025-10-16,2025-10-31,0.0332838685861941,0.0697676938412863,0.0108504866762406,0.0030755473661391,0.108839393053254,0.086228881096589,0.0585756695502282,0.3437739742334859,0.0772571107449838,0.1489431786988745,0.0072470038506468,0.0044901379560491,0.0263231327318388
2025-11-01.tif,2025-11-mid,2025,11,Mid,0,2025-11-01,2025-11-15,0.0273621262458471,0.0573645138721201,0.0108504866762406,0.0027368306958595,0.084706111706794,0.0629810100642105,0.0411466147412774,0.2963942752837226,0.0708839419134832,0.14408454570409,0.0037532990092155,0.0026640651382687,0.0008371314296344
2025-11-16.tif,2025-11-shm,2025,11,Shm,1,2025-11-16,2025-11-30,0.0273621262458471,0.0573645138721201,0.0136998791857575,0.0027368306958595,0.084706111706794,0.05924677808643381,0.0265266383630733,0.2735377370969022,0.0649322451690358,0.14408454570409,0.0037532990092155,0.0026640651382687,0.0008371314296344
2025-12-01.tif,2025-12-mid,2025,12,Mid,0,2025-12-01,2025-12-15,0.026452073335794205,0.055456491095549676,0.012327611753174145,0.002721023917913121,0.08194430906196182,0.05924677808643381,0.021004245538991925,0.2735377370969022,0.0649322451690358,0.14408454570409,0.0033314584865659323,0.002348254599577227,0.0007999255883173237
2025-12-16.tif,2025-12-shm,2025,12,Shm,1,2025-12-16,2025-12-31,0.025542020425741305,0.05354846831897926,0.010955344320590792,0.002705217139966742,0.07918250641712965,0.0562593925042124,0.013438886583458359,0.2686013597523875,0.064186367293766,0.13034129380547166,0.002909617963916364,0.002032444060885754,0.0007627197470002475
2026-01-01.tif,2026-01-mid,2026,1,Mid,0,2026-01-01,2026-01-15,0.024631967515688406,0.05164044554240885,0.009583076888007438,0.002689410362020363,0.07642070377229747,0.05327200692199098,0.011427841797810196,0.26366498240787284,0.06344048941849621,0.11659804190685331,0.002487777441266796,0.001716633522194281,0.0007255139056831712
2026-01-16.tif,2026-01-shm,2026,1,Shm,1,2026-01-16,2026-01-31,0.02372191460563551,0.049732422765838426,0.008210809455424083,0.0026736035840739846,0.07365890112746529,0.050284621339769575,0.011427841797810196,0.2587286050633581,0.0626946115432264,0.10285479000823497,0.0020659369186172283,0.001400822983502808,0.0006883080643660949
2026-02-01.tif,2026-02-mid,2026,2,Mid,0,2026-02-01,2026-02-15,0.022811861695582615,0.047824399989268004,0.006838542022840731,0.0026577968061276057,0.07089709848263312,0.047297235757548156,0.008698566731573404,0.2537922277188434,0.06194873366795661,0.07581663464177875,0.0020551204949595466,0.0013883156354358185,0.0006511022230490187
2026-02-16.tif,2026-02-shm,2026,2,Shm,1,2026-02-16,2026-02-28,0.021901808785529716,0.04591637721269759,0.004285486334313525,0.0026419900281812268,0.06813529583780094,0.044309850175326744,0.00596929166533661,0.24885585037432872,0.06120285579268682,0.05388416140543508,0.001352052957210228,0.000700411491751404,0.0006511022230490187
2026-03-01.tif,2026-03-mid,2026,3,Mid,0,2026-03-01,2026-03-15,0.021515688445921003,0.045108382710775115,0.004239896054161253,0.001341318014307392,0.06537349319296876,0.040598387904731546,0.0032400165990998184,0.2367662231157906,0.057767219689132406,0.053417513038704366,0.0008977631635875914,0.0006879041436844146,0.0
2026-03-16.tif,2026-03-shm,2026,3,Shm,1,2026-03-16,2026-03-31,0.013342930970837948,0.027974874776331024,0.002849392509516971,0.0008129200086711468,0.06261169054813659,0.021676761236850493,0.0005107415328630255,0.18676754583212085,0.01688442724497746,0.027147954982157562,0.0003244927097304547,0.0005878453591484997,0.0
2026-04-01.tif,2026-04-mid,2026,4,Mid,0,2026-04-01,2026-04-15,0.013342930970837948,0.027974874776331024,0.002849392509516971,0.0006096900065033601,0.06261169054813659,0.021676761236850493,0.0005107415328630255,0.18676754583212085,0.01688442724497746,0.027147954982157562,0.0003244927097304547,0.0006879041436844146,0.0
2026-04-16.tif,2026-04-shm,2026,4,Shm,1,2026-04-16,2026-04-30,0.014882244370616464,0.03120220913745813,0.005675989878957806,0.0006096900065033601,0.0703447379536667,0.024113119905278018,0.00038305614964726913,0.19200550249993387,0.016518299977436344,0.03442217952237167,0.0005408211828840913,0.001963653646517329,0.0
2026-05-01.tif,2026-05-mid,2026,5,Mid,0,2026-05-01,2026-05-15,0.014882244370616464,0.03120220913745813,0.0062686635209373365,0.0013277693474962064,0.0703447379536667,0.0259802358941664,0.0007341909534905992,0.19473029814026083,0.01615217270989523,0.03442217952237167,0.001352052957210228,0.0033644766300201367,9.301460329271696e-05
2026-05-16.tif,2026-05-shm,2026,5,Shm,1,2026-05-16,2026-05-31,0.014802510151347361,0.03103503786119831,0.0062686635209373365,0.0013277693474962064,0.07149007375637652,0.027232569789152512,0.0009895617199221119,0.19200550249993387,0.015786045442354114,0.03244578643974746,0.0019253234110673647,0.0033644766300201367,0.00046507301646358477
2026-06-01.tif,2026-06-mid,2026,6,Mid,0,2026-06-01,2026-06-15,0.014802510151347361,0.03103503786119831,0.0062686635209373365,0.0013277693474962064,0.07276537674237255,0.02912245548522246,0.0010853257573339291,0.19473029814026083,0.015786045442354114,0.03244578643974746,0.0019794055293557737,0.0035020574587570196,0.0159054971630546
2026-06-16.tif,2026-06-shm,2026,6,Shm,1,2026-06-16,2026-06-30,0.017700258397932815,0.03711047544749274,0.007978299026647519,0.0024252113592022543,0.08158689930792475,0.0297600072863063,0.0019472020940402848,0.2136715959895241,0.020971429301250368,0.04499039253362613,0.0019794055293557737,0.0024639475691969033,0.0159054971630546
2026-07-01.tif,2026-07-mid,2026,7,Mid,0,2026-07-01,2026-07-15,0.017885566629752676,0.037494350230015294,0.008844514349540677,0.0028452200303490135,0.08311401371153784,0.031126189717200235,0.0019472020940402848,0.22047035792703898,0.024279346590546255,0.056437002470491354,0.0019794055293557737,0.003627130939426913,0.004371686354757697
2026-07-16.tif,2026-07-shm,2026,7,Shm,1,2026-07-16,2026-07-31,0.021321520856404576,0.04469664604887593,0.009733524812509973,0.0030484500325168003,0.09655749423270624,0.03515642788833736,0.010565965461103841,0.2318986270204492,0.02951581797514592,0.07847927532253637,0.004715960714749275,0.005878453591484998,0.004371686354757697
2026-08-01.tif,2026-08-mid,2026,8,Mid,0,2026-08-01,2026-08-15,0.023182724252491696,0.048595761279417504,0.009870295652966788,0.003929113375243876,0.09655749423270624,0.036681998269502254,0.011363999106202317,0.23708367503505198,0.04267085584377435,0.08855339006313478,0.006295158568770822,0.005878453591484998,0.0048367593712212815
2026-08-16.tif,2026-08-shm,2026,8,Shm,1,2026-08-16,2026-08-31,0.02356884459210041,0.04940452972243377,0.01189906311974287,0.005304303056579232,0.09714640803197193,0.03768386538549114,0.0151466785839691,0.2430491256845057,0.04521884618823199,0.08941806203678287,0.007128023190412322,0.007491901492126624,0.0069760952469537715
